Participant,Strategy,TOI,StageNumber,#Digits,#CarriesPlace,#CarriesPlace,InterimDuring_Avg,InterimAfter_Avg,InterimSum_Avg,InterimDuring_tot,InterimAfter_tot,InterimSum_tot,Average_duration_of_whole_fixations,Number_of_whole_fixations,Average_whole_fixation_pupil_diameter,Number_of_saccades,Average_peak_velocity_of_saccades,Average_amplitude_of_saccades,Mental Demand,Physical Demand,Temporal Demand,Performance,Effort,Frustration,RelaAlpha,RelaBeta,RelaTheta,RelaDelta
MP10,2,1,1,2&1,0,0,0,2,2,0,2,2,744,5,4.13085,8,106.7,2.27,3,1,2,2,3,1,-77.33983058,20.74438687,31.63837487,25.95706884
MP10,2,2,2,2&1,1,1,1,3,4,2,6,8,1103,12,4.14223,6,111.4,1.75,11,1,4,11,12,1,0.597665893,-0.011832536,0.043219098,0.370947546
MP10,2,3,3,1*1&1*1 (1),0,0,1.67,2.33,4,5,7,12,649,27,4.06724,24,153.81,4.75,8,1,4,8,8,1,0.475085539,-0.035793754,0.066412717,0.494295498
MP10,2,4,4,1*1&1*1 (1),1,1,1.5,3.25,4.75,6,13,19,575,13,4.24756,11,161.17,5.39,8,1,2,8,8,1,0.391435002,-0.003464241,0.109246959,0.502782279
MP10,2,5,3,3&2,1,1 (tens carrying),2,3.67,5.67,6,11,17,480,39,4.05711,38,133.9,4.26,11,1,4,12,13,1,0.346542468,0.022614406,0.105922596,0.52492053
MP10,2,6,4,1*1&1*1 (2),0,0,2,3.5,5.5,8,14,22,551,21,4.29668,10,155.97,5.91,15,1,2,13,13,4,0.422054928,-0.000338073,0.07494075,0.503342395
MP10,2,7,3,2&2,1,1,2,3,5,6,12,18,465,25,3.9968,21,132.74,3.49,10,1,3,10,9,1,0.391407445,-0.004164379,0.069117451,0.543639483
MP10,2,8,3,3&2,1,1 (units carrying),2,4.33,6.33,6,13,19,515,29,4.01188,36,133.52,4.42,8,1,3,10,10,1,0.587006098,-0.059261045,-0.036016417,0.508271363
MP10,2,9,3,3&2,1,1 (units carrying),2,4.33,6.33,6,13,19,1313,6,4.10953,4,104.16,2.36,12,1,2,12,15,2,0.66073582,-0.032580161,-0.031780209,0.40362455
MP10,2,10,3,2&2,2,2,1.67,5,6.67,8,15,23,480,45,4.01124,39,147.9,5.33,10,1,8,8,10,1,0.550821242,-0.015083483,0.045616089,0.418646153
MP10,2,11,3,2*1,1,1,2.67,5,7.67,8,15,23,512,16,4.20426,10,126.5,1.86,8,1,4,10,10,1,0.414471924,-0.012990396,0.073218728,0.525299744
MP10,2,12,4,3&2,2,2,2.5,5.25,7.75,10,21,31,450,31,3.97433,35,146.91,4.66,12,1,4,13,13,3,0.408811767,-0.003911937,0.069521414,0.525578756
MP10,2,13,5,3&3,3,3,2.4,4,6.4,12,20,32,441,27,3.84678,24,205.67,7.63,17,1,4,17,19,6,0.359404768,0.059546542,0.09218806,0.48886063
MP10,2,14,9,2*1&2*1,2,2,4.56,6.44,11,41,58,99,437,19,4.09125,20,136.75,3.23,17,1,1,17,20,8,0.721974212,-0.050914432,0.143867207,0.185073013
MP11,2,1,1,2&1,0,0,0,2,2,0,2,2,620,1,3.23871,1,104.33,1.26,2,1,2,4,3,2,-0.883416537,-0.047678619,-0.847382483,2.778477639
MP11,2,2,2,2&1,1,1,1,3,4,2,6,8,337,46,3.05035,38,192.9,9.19,5,1,5,10,4,4,0.068723649,0.047418063,0.030623023,0.853235265
MP11,2,3,3,1*1&1*1 (1),0,0,1.67,2.33,4,5,7,12,837,28,3.43962,24,138.31,4.91,3,1,3,5,4,2,0.497600358,-0.119205714,0.979121428,-0.357516072
MP11,2,4,4,1*1&1*1 (1),1,1,1.5,3.25,4.75,6,13,19,676,30,3.25976,28,174.96,6.44,4,1,4,11,4,3,-0.369981719,0.08130409,-0.530956799,1.819634427
MP11,2,5,3,3&2,1,1 (tens carrying),2,3.67,5.67,6,11,17,592,22,3.23828,17,128.95,5,8,1,8,18,11,7,-0.136775737,-0.061037768,0.742365511,0.455447995
MP11,2,6,4,1*1&1*1 (2),0,0,2,3.5,5.5,8,14,22,612,26,3.1975,21,149.91,5.55,4,1,5,12,5,5,0.049736568,0.034283416,-0.053816493,0.969796508
MP11,2,7,3,2&2,1,1,2,3,5,6,12,18,745,11,3.24392,9,141.29,4.29,6,1,5,10,5,4,0.207109864,0.045297947,0.322404305,0.425187884
MP11,2,8,3,3&2,1,1 (units carrying),2,4.33,6.33,6,13,19,667,26,3.17774,20,153.06,4.92,6,1,6,11,7,6,0.146788162,0.035991278,-0.050768792,0.867989352
MP11,2,9,3,3&2,1,1 (units carrying),2,4.33,6.33,6,13,19,516,15,3.31944,13,138.74,4.94,9,1,9,12,7,5,0.433288413,0.000946709,0.344225317,0.221539561
MP11,2,10,3,2&2,2,2,1.67,5,6.67,8,15,23,746,12,3.0842,9,173.77,7.53,4,1,3,12,3,3,0.532984208,0.011930122,0.800789657,-0.345703987
MP11,2,11,3,2*1,1,1,2.67,5,7.67,8,15,23,1102,8,3.33858,3,148.48,2.01,6,1,5,9,4,3,0.238564344,0.028286637,0.386099872,0.347049147
MP11,2,12,4,3&2,2,2,2.5,5.25,7.75,10,21,31,433,28,3.38754,24,152.65,5.54,10,1,9,13,8,7,-0.534946781,0.13195507,-0.654254087,2.057245797
MP11,2,13,5,3&3,3,3,2.4,4,6.4,12,20,32,810,18,3.38284,15,162.51,6.94,15,1,17,19,15,14,-0.081413608,0.05180866,-0.063435697,1.093040646
MP11,2,14,9,2*1&2*1,2,2,4.56,6.44,11,41,58,99,787,18,3.23797,10,158.77,6.48,14,1,15,19,17,11,-0.072680212,0.057224953,-0.065149406,1.080604666
MP12,2,1,1,2&1,0,0,0,2,2,0,2,2,240,19,3.34057,14,224.69,5.68,21,1,20,2,21,1,0.136283144,0.084670486,0.189960194,0.589086176
MP12,2,2,2,2&1,1,1,1,3,4,2,6,8,276,11,3.23848,5,219.12,6.65,21,1,20,15,21,1,0.10774258,0.074927167,0.133653962,0.68367629
MP12,2,3,3,1*1&1*1 (1),0,0,1.67,2.33,4,5,7,12,236,5,3.27873,1,208.88,3.22,21,1,21,3,21,1,0.143803923,0.086799758,0.189099472,0.580296848
MP12,2,4,4,1*1&1*1 (1),1,1,1.5,3.25,4.75,6,13,19,180,26,3.07812,12,190.38,4.86,21,1,20,2,21,1,0.162211208,0.022216582,0.175967391,0.639604819
MP12,2,5,3,3&2,1,1 (tens carrying),2,3.67,5.67,6,11,17,180,20,3.00421,12,151,4.05,21,1,20,3,21,1,0.167806689,0.102630337,0.237263632,0.492299342
MP12,2,6,4,1*1&1*1 (2),0,0,2,3.5,5.5,8,14,22,146,10,3.19695,1,132.3,3.6,21,1,20,3,20,2,0.158961721,0.045685167,0.205251198,0.590101914
MP12,2,7,3,2&2,1,1,2,3,5,6,12,18,181,22,3.10632,11,159.76,3.8,21,1,20,2,21,1,0.13875384,0.077326521,0.181794785,0.602124853
MP12,2,8,3,3&2,1,1 (units carrying),2,4.33,6.33,6,13,19,160,4,3.18238,2,117.08,1.63,21,1,21,15,21,2,0.134819857,0.081723394,0.166258232,0.617198517
MP12,2,9,3,3&2,1,1 (units carrying),2,4.33,6.33,6,13,19,190,6,3.18041,2,189.05,3.48,21,1,20,21,20,2,0.132639079,-0.00220117,0.172720351,0.69684174
MP12,2,10,3,2&2,2,2,1.67,5,6.67,8,15,23,142,12,2.96929,3,168.21,3.31,21,1,20,20,21,1,0.146946273,0.080242775,0.206219537,0.566591415
MP12,2,11,3,2*1,1,1,2.67,5,7.67,8,15,23,127,18,3.20667,11,224.22,5.33,21,1,20,15,20,1,0.106492846,0.03090515,0.196538574,0.66606343
MP12,2,12,4,3&2,2,2,2.5,5.25,7.75,10,21,31,165,12,3.34853,4,238.91,5.93,21,1,21,3,21,2,0.181811529,0.10476333,0.18802681,0.52539833
MP12,2,13,5,3&3,3,3,2.4,4,6.4,12,20,32,228,20,2.98597,9,185.86,5.26,21,1,20,15,21,2,0.13893778,0.077207559,0.197786244,0.586068416
MP12,2,14,9,2*1&2*1,2,2,4.56,6.44,11,41,58,99,265,35,3.01041,22,172.16,3.99,21,1,21,21,21,1,0.141330321,-0.046887177,0.212774468,0.692782387
MP13,2,1,1,2&1,0,0,0,2,2,0,2,2,,,,,,,4,1,4,10,4,1,2.329514042,-0.247426511,0.836051006,-1.918138538
MP13,2,2,2,2&1,1,1,1,3,4,2,6,8,2359,4,3.59738,2,122.33,6.65,3,1,3,8,3,1,-0.297530092,0.023552362,0.044092356,1.229885374
MP13,2,3,3,1*1&1*1 (1),0,0,1.67,2.33,4,5,7,12,2362,12,3.44478,10,117.05,3.27,6,1,3,9,4,1,0.439179683,0.004525817,-0.015039045,0.571333544
MP13,2,4,4,1*1&1*1 (1),1,1,1.5,3.25,4.75,6,13,19,1444,9,3.50113,9,114.97,3.73,6,1,3,8,3,1,1.355098766,-0.117086393,0.004502067,-0.242514439
MP13,2,5,3,3&2,1,1 (tens carrying),2,3.67,5.67,6,11,17,912,26,3.49831,27,127.92,4.92,8,1,4,6,5,1,0.869979022,-0.125677377,-0.411630783,0.667329138
MP13,2,6,4,1*1&1*1 (2),0,0,2,3.5,5.5,8,14,22,2419,6,3.41885,6,133.82,3.88,6,1,4,7,4,1,1.823862824,-0.313288934,1.417397098,-1.927970988
MP13,2,7,3,2&2,1,1,2,3,5,6,12,18,2259,10,3.44981,13,126.66,3.56,5,1,3,8,3,1,6.4054042,-0.383930084,2.833370491,-7.854844607
MP13,2,8,3,3&2,1,1 (units carrying),2,4.33,6.33,6,13,19,1026,27,3.4908,27,126.26,4.7,6,1,3,7,3,1,0.503052145,0.001028933,0.136341584,0.359577338
MP13,2,9,3,3&2,1,1 (units carrying),2,4.33,6.33,6,13,19,2297,12,3.51243,11,119.58,4.28,7,1,4,7,4,1,-0.0445889,0.022677085,0.121472876,0.900438938
MP13,2,10,3,2&2,2,2,1.67,5,6.67,8,15,23,973,28,3.55515,27,119.48,3.74,5,1,3,9,3,1,0.514152025,0.007037793,0.36805639,0.110753792
MP13,2,11,3,2*1,1,1,2.67,5,7.67,8,15,23,580,1,3.33326,2,137.19,7.97,7,1,3,6,4,1,0.404793292,-0.021193965,0.273150356,0.343250317
MP13,2,12,4,3&2,2,2,2.5,5.25,7.75,10,21,31,1141,16,3.58887,17,134.01,4.49,6,1,3,7,4,1,-7.62774464,0.318941478,-0.978375284,9.287178445
MP13,2,13,5,3&3,3,3,2.4,4,6.4,12,20,32,749,33,3.53067,33,141.58,6.02,7,1,4,7,4,1,-1.342637771,0.14343319,0.384353078,1.814851503
MP13,2,14,9,2*1&2*1,2,2,4.56,6.44,11,41,58,99,2180,12,3.45947,13,163.64,7.4,10,1,5,2,7,2,0.283012042,0.000655696,0.264923871,0.45140839
MP14,2,1,1,2&1,0,0,0,2,2,0,2,2,,,,,,,5,1,10,7,5,5,0.108855113,0.045599401,0.134183047,0.711362438
MP14,2,2,2,2&1,1,1,1,3,4,2,6,8,,,,,,,4,1,11,4,11,2,0.085346713,0.040529273,0.100845982,0.773278032
MP14,2,3,3,1*1&1*1 (1),0,0,1.67,2.33,4,5,7,12,,,,,,,10,2,15,5,12,10,0.214229783,0.050307057,0.297445413,0.438017748
MP14,2,4,4,1*1&1*1 (1),1,1,1.5,3.25,4.75,6,13,19,,,,,,,11,2,12,8,10,8,0.070869004,0.030200895,0.152528638,0.746401463
MP14,2,5,3,3&2,1,1 (tens carrying),2,3.67,5.67,6,11,17,,,,,,,13,1,7,5,15,13,0.126569129,0.06559459,0.297674464,0.510161816
MP14,2,6,4,1*1&1*1 (2),0,0,2,3.5,5.5,8,14,22,,,,,,,15,1,12,15,17,12,0.048105267,0.026107269,0.111342099,0.814445365
MP14,2,7,3,2&2,1,1,2,3,5,6,12,18,,,,,,,14,1,12,12,15,13,0.076227688,0.064742103,0.165286988,0.693743221
MP14,2,8,3,3&2,1,1 (units carrying),2,4.33,6.33,6,13,19,,,,,,,10,1,12,9,12,7,0.053733107,0.037130348,0.135533566,0.773602979
MP14,2,9,3,3&2,1,1 (units carrying),2,4.33,6.33,6,13,19,,,,,,,17,1,15,17,15,17,0.079830113,0.053014168,0.133315094,0.733840625
MP14,2,10,3,2&2,2,2,1.67,5,6.67,8,15,23,,,,,,,14,1,10,14,12,14,0.136261949,0.087885177,0.177100227,0.598752646
MP14,2,11,3,2*1,1,1,2.67,5,7.67,8,15,23,,,,,,,17,2,13,13,15,16,0.092710126,0.066524811,0.167522079,0.673242985
MP14,2,12,4,3&2,2,2,2.5,5.25,7.75,10,21,31,,,,,,,17,2,18,4,15,15,0.107120899,0.077020395,0.327140878,0.488717829
MP14,2,13,5,3&3,3,3,2.4,4,6.4,12,20,32,,,,,,,18,1,18,17,15,16,0.119150734,0.120104316,0.127751594,0.632993356
MP14,2,14,9,2*1&2*1,2,2,4.56,6.44,11,41,58,99,,,,,,,19,1,17,17,15,12,0.097040947,0.071105115,0.139049452,0.692804487
MP15,2,1,1,2&1,0,0,0,2,2,0,2,2,1608,7,3.10053,8,116.22,2.73,4,1,5,5,5,1,-0.007524659,0.055172276,0.094602089,0.857750294
MP15,2,2,2,2&1,1,1,1,3,4,2,6,8,1169,2,3.42548,2,104.45,7.21,7,1,4,10,10,4,0.023789104,0.053267765,0.162421177,0.760521954
MP15,2,3,3,1*1&1*1 (1),0,0,1.67,2.33,4,5,7,12,672,20,2.90786,23,143.83,4.82,7,1,10,12,7,5,0.315085563,0.096539731,0.187742401,0.400632306
MP15,2,4,4,1*1&1*1 (1),1,1,1.5,3.25,4.75,6,13,19,661,21,2.91238,25,136.01,4.2,7,1,7,10,7,5,0.420827805,0.014874334,0.235548912,0.328748949
MP15,2,5,3,3&2,1,1 (tens carrying),2,3.67,5.67,6,11,17,538,32,3.03059,36,150.55,6.1,10,1,10,12,10,5,12.74262027,-0.389770217,-0.215611463,-11.13723859
MP15,2,6,4,1*1&1*1 (2),0,0,2,3.5,5.5,8,14,22,643,19,2.99387,23,138.12,5.19,7,1,5,12,7,5,1.305553586,0.268242279,-0.09684467,-0.476951195
MP15,2,7,3,2&2,1,1,2,3,5,6,12,18,646,18,3.04162,21,136.37,4.58,7,1,5,12,5,4,-0.09725185,0.050165021,0.147732122,0.899354706
MP15,2,8,3,3&2,1,1 (units carrying),2,4.33,6.33,6,13,19,500,32,3.04866,34,135.04,4.51,7,1,7,12,7,5,-0.055283398,0.050716695,0.18911142,0.815455283
MP15,2,9,3,3&2,1,1 (units carrying),2,4.33,6.33,6,13,19,688,25,2.97836,28,120.03,3.45,7,1,7,15,10,5,-2.325301746,1.29204783,-1.250365242,3.283619159
MP15,2,10,3,2&2,2,2,1.67,5,6.67,8,15,23,912,23,2.93445,26,117.95,2.77,8,1,10,12,10,5,-0.649497357,0.103034594,0.119049534,1.427413229
MP15,2,11,3,2*1,1,1,2.67,5,7.67,8,15,23,1539,2,3.16279,2,107.38,2.48,10,1,7,12,7,4,-0.180655064,0.050031583,0.001793131,1.12883035
MP15,2,12,4,3&2,2,2,2.5,5.25,7.75,10,21,31,651,24,3.09217,31,136.42,4.82,12,1,15,15,12,5,-0.371784469,0.168454363,0.089138962,1.114191144
MP15,2,13,5,3&3,3,3,2.4,4,6.4,12,20,32,444,53,3.47562,53,175.49,7.06,10,1,10,15,12,5,-4.273442699,0.420200509,-0.574965491,5.428207681
MP15,2,14,9,2*1&2*1,2,2,4.56,6.44,11,41,58,99,794,11,3.02227,12,176.3,6.71,15,1,12,12,12,10,0.755393122,0.102509162,0.33824362,-0.196145905
MP16,2,1,1,2&1,0,0,0,2,2,0,2,2,818,10,4.54417,3,105.22,3.91,2,1,2,2,2,1,0.205154526,0.015020954,0.218342202,0.561482319
MP16,2,2,2,2&1,1,1,1,3,4,2,6,8,1498,13,4.63025,8,133.41,3.91,4,1,3,3,3,2,0.17342658,0.032133483,0.220634532,0.573805405
MP16,2,3,3,1*1&1*1 (1),0,0,1.67,2.33,4,5,7,12,1129,20,4.34383,18,157.67,5.54,4,1,3,4,4,1,0.158338071,0.011787224,0.218200189,0.611674516
MP16,2,4,4,1*1&1*1 (1),1,1,1.5,3.25,4.75,6,13,19,988,25,4.54625,19,142.1,5.31,7,1,3,6,5,2,0.268162915,-0.001800863,0.311330161,0.422307787
MP16,2,5,3,3&2,1,1 (tens carrying),2,3.67,5.67,6,11,17,629,39,4.62007,36,135.78,4.89,8,1,4,4,5,2,0.279524016,0.025283397,0.145396343,0.549796243
MP16,2,6,4,1*1&1*1 (2),0,0,2,3.5,5.5,8,14,22,843,26,4.54458,26,156.64,5.55,8,1,3,4,5,2,0.168530431,0.029860351,0.201899952,0.599709267
MP16,2,7,3,2&2,1,1,2,3,5,6,12,18,656,34,4.4575,31,132.42,4.5,5,1,4,2,4,1,0.186486013,0.030051745,0.231908237,0.551554005
MP16,2,8,3,3&2,1,1 (units carrying),2,4.33,6.33,6,13,19,620,40,4.67505,32,144.85,5.37,9,1,5,7,8,2,0.168062574,0.008782213,0.214979196,0.608176017
MP16,2,9,3,3&2,1,1 (units carrying),2,4.33,6.33,6,13,19,1368,14,4.4883,10,121.18,2.93,8,1,7,6,6,2,0.18044993,0.006901052,0.230504399,0.582144619
MP16,2,10,3,2&2,2,2,1.67,5,6.67,8,15,23,612,42,4.46825,35,122.2,4.29,7,1,4,5,8,2,0.283502836,0.036124238,0.285097583,0.395275342
MP16,2,11,3,2*1,1,1,2.67,5,7.67,8,15,23,1205,19,4.78111,13,169.93,5.65,13,1,10,7,10,2,0.181655847,0.024091169,0.233166179,0.561086805
MP16,2,12,4,3&2,2,2,2.5,5.25,7.75,10,21,31,716,34,4.68853,23,152.91,5.52,16,1,12,11,13,4,0.186836426,0.022736185,0.251312262,0.539115128
MP16,2,13,5,3&3,3,3,2.4,4,6.4,12,20,32,426,60,4.63065,54,175.46,6.62,10,1,4,9,10,3,0.375797231,-0.197380942,0.338432706,0.483151005
MP16,2,14,9,2*1&2*1,2,2,4.56,6.44,11,41,58,99,654,27,4.63648,25,169.64,6.41,17,2,15,15,16,10,0.154529773,0.003460785,0.221233253,0.620776189
MP17,2,1,1,2&1,0,0,0,2,2,0,2,2,5057,4,4.37648,0,,,3,2,3,2,3,1,-0.062502369,0.016099716,0.147636612,0.89876604
MP17,2,2,2,2&1,1,1,1,3,4,2,6,8,2472,3,4.78904,1,111.6,2.37,5,2,4,3,3,2,-0.621607088,0.024277871,0.493299797,1.10402942
MP17,2,3,3,1*1&1*1 (1),0,0,1.67,2.33,4,5,7,12,620,2,4.49625,5,132.51,3.69,4,2,4,3,4,1,-0.053632387,0.018068186,0.239321066,0.796243134
MP17,2,4,4,1*1&1*1 (1),1,1,1.5,3.25,4.75,6,13,19,1206,9,4.52971,9,132.94,4.11,4,2,4,3,3,1,0.003314058,0.020497518,0.157350531,0.818837894
MP17,2,5,3,3&2,1,1 (tens carrying),2,3.67,5.67,6,11,17,1132,20,5.09548,12,135.92,4.92,8,1,5,3,5,2,-0.115377658,0.089635132,0.153916642,0.871825884
MP17,2,6,4,1*1&1*1 (2),0,0,2,3.5,5.5,8,14,22,1121,13,4.63242,11,130.81,4.17,4,1,4,2,5,1,-0.193401779,0.015088979,0.120775321,1.057537479
MP17,2,7,3,2&2,1,1,2,3,5,6,12,18,2129,6,4.3685,5,117.85,3.3,4,3,3,2,4,1,-2.792031809,-0.109394473,0.838374447,3.063051835
MP17,2,8,3,3&2,1,1 (units carrying),2,4.33,6.33,6,13,19,1044,8,4.29964,10,129.45,4.25,5,2,4,2,4,1,-0.511022098,-0.057184432,0.51187181,1.05633472
MP17,2,9,3,3&2,1,1 (units carrying),2,4.33,6.33,6,13,19,891,16,4.69848,13,129.93,4.76,6,1,5,3,5,1,-0.047225497,0.031642133,0.151424403,0.864158961
MP17,2,10,3,2&2,2,2,1.67,5,6.67,8,15,23,1169,14,4.46817,11,126.84,4.47,5,1,4,2,3,2,-0.127395796,0.10127162,0.302796667,0.72332751
MP17,2,11,3,2*1,1,1,2.67,5,7.67,8,15,23,1761,9,4.46307,7,169.73,9.24,5,1,4,2,4,1,-0.086301164,0.102157146,0.248818608,0.735325409
MP17,2,12,4,3&2,2,2,2.5,5.25,7.75,10,21,31,753,6,4.49167,7,130.67,3.98,6,1,3,3,3,2,-0.134238964,0.044707137,0.256814448,0.832717379
MP17,2,13,5,3&3,3,3,2.4,4,6.4,12,20,32,935,19,4.45593,19,140.67,5.5,4,2,4,2,4,1,-0.053604603,0.032459893,0.184246068,0.836898642
MP17,2,14,9,2*1&2*1,2,2,4.56,6.44,11,41,58,99,1429,2,4.39838,2,129.77,7.24,7,1,4,6,5,2,-0.036530814,0.088645419,0.113146981,0.834738414
MP18,2,1,1,2&1,0,0,0,2,2,0,2,2,971,14,3.73007,17,129.48,2.25,1,1,1,2,1,1,-0.375347637,0.072201598,0.295526332,1.007619707
MP18,2,2,2,2&1,1,1,1,3,4,2,6,8,1091,5,3.93004,9,120.42,1.9,2,1,1,2,1,1,0.295259819,0.02769738,0.178025148,0.499017653
MP18,2,3,3,1*1&1*1 (1),0,0,1.67,2.33,4,5,7,12,420,16,3.78587,15,143.52,3.95,3,1,1,5,4,3,4.256305966,0.172982011,-1.401025674,-2.028262302
MP18,2,4,4,1*1&1*1 (1),1,1,1.5,3.25,4.75,6,13,19,1030,20,3.80521,16,146.38,2.96,2,1,2,2,1,4,1.081401865,0.029879263,-0.13650791,0.025226783
MP18,2,5,3,3&2,1,1 (tens carrying),2,3.67,5.67,6,11,17,682,27,4.00444,28,132.26,3.61,8,1,6,6,3,5,-0.666115695,-0.02016177,0.26377179,1.422505675
MP18,2,6,4,1*1&1*1 (2),0,0,2,3.5,5.5,8,14,22,578,22,3.78382,25,153,3.56,6,1,3,3,3,5,0.388083491,0.020402277,0.159848197,0.431666034
MP18,2,7,3,2&2,1,1,2,3,5,6,12,18,742,16,3.86241,18,158.83,4.45,4,1,2,2,2,3,2.358449267,0.053408415,-0.758413323,-0.653444359
MP18,2,8,3,3&2,1,1 (units carrying),2,4.33,6.33,6,13,19,572,32,3.86849,30,150.84,3.87,2,1,2,2,2,4,0.681601088,0.030266848,0.014328159,0.273803904
MP18,2,9,3,3&2,1,1 (units carrying),2,4.33,6.33,6,13,19,812,15,3.86197,21,135.32,2.78,4,1,2,2,3,4,0.688249515,0.065191373,0.148526701,0.09803241
MP18,2,10,3,2&2,2,2,1.67,5,6.67,8,15,23,616,24,3.82557,30,149.13,4.54,2,1,1,2,2,2,-13.36541509,0.496383598,-2.574993516,16.44402501
MP18,2,11,3,2*1,1,1,2.67,5,7.67,8,15,23,652,14,3.74146,16,137.76,4.6,4,1,1,2,2,2,0.276823287,0.044523918,0.127782266,0.550870529
MP18,2,12,4,3&2,2,2,2.5,5.25,7.75,10,21,31,1385,11,4.00408,12,137.43,3.44,12,1,10,12,5,8,0.236614623,0.045048519,0.181469644,0.536867215
MP18,2,13,5,3&3,3,3,2.4,4,6.4,12,20,32,540,17,4.05453,15,601.77,13.2,13,1,5,15,5,5,-9.663718241,-0.392295138,3.36704882,7.688964558
MP18,2,14,9,2*1&2*1,2,2,4.56,6.44,11,41,58,99,514,23,3.98857,21,162.22,4.98,18,1,10,20,18,18,0.411608492,0.023725218,0.032180522,0.532485768
MP19,2,1,1,2&1,0,0,0,2,2,0,2,2,1290,9,3.34879,0,,,12,5,15,16,10,10,-0.516261503,0.167475461,0.141093802,1.207692239
MP19,2,2,2,2&1,1,1,1,3,4,2,6,8,899,6,3.44084,2,125.56,2.85,13,6,15,15,12,12,-1.594944225,0.339852108,0.228775879,2.026316238
MP19,2,3,3,1*1&1*1 (1),0,0,1.67,2.33,4,5,7,12,1008,12,3.38468,9,147.99,4.67,15,6,15,14,15,10,0.800053281,-0.071797556,0.261365388,0.010378887
MP19,2,4,4,1*1&1*1 (1),1,1,1.5,3.25,4.75,6,13,19,709,23,3.24788,16,163.06,5.84,15,7,10,12,12,10,-1.261547903,0.721331457,-0.184080736,1.724297183
MP19,2,5,3,3&2,1,1 (tens carrying),2,3.67,5.67,6,11,17,485,16,3.27699,17,128.78,3.75,15,7,10,10,12,13,1.763077033,-0.584147174,0.186568053,-0.365497912
MP19,2,6,4,1*1&1*1 (2),0,0,2,3.5,5.5,8,14,22,765,17,3.47309,11,182.26,6.83,13,7,15,12,12,10,-0.31076796,0.110886256,0.150891369,1.048990335
MP19,2,7,3,2&2,1,1,2,3,5,6,12,18,586,9,3.30172,4,111.75,2.57,15,6,12,10,12,12,0.640238873,-0.13371923,0.305531657,0.1879487
MP19,2,8,3,3&2,1,1 (units carrying),2,4.33,6.33,6,13,19,633,12,3.6999,12,113.93,3.19,15,7,15,10,12,12,-0.409581745,0.057012222,0.158406593,1.194162929
MP19,2,9,3,3&2,1,1 (units carrying),2,4.33,6.33,6,13,19,1153,9,3.45754,3,104.89,3.94,15,4,15,10,12,13,6.346979044,-1.354167431,-0.655111457,-3.337700156
MP19,2,10,3,2&2,2,2,1.67,5,6.67,8,15,23,1049,8,3.42298,6,111.37,3.4,15,10,13,15,15,16,-1.659719923,0.249327664,-0.138584476,2.548976735
MP19,2,11,3,2*1,1,1,2.67,5,7.67,8,15,23,684,5,3.25288,4,144.5,5.27,15,7,12,10,12,13,1.05786853,-0.271025835,0.286908334,-0.07375103
MP19,2,12,4,3&2,2,2,2.5,5.25,7.75,10,21,31,757,16,3.1933,21,131.71,3.57,15,7,10,10,15,13,0.530721075,-0.010305211,0.153700392,0.325883743
MP19,2,13,5,3&3,3,3,2.4,4,6.4,12,20,32,421,40,3.24203,43,144.72,5.09,16,7,13,10,13,13,-32.43167007,11.58813993,-5.521187952,27.36471809
MP19,2,14,9,2*1&2*1,2,2,4.56,6.44,11,41,58,99,264,14,3.24609,11,284.95,12.01,17,4,12,5,13,15,-3.649736176,2.33651495,-0.582300202,2.895521428
MP2,2,1,1,2&1,0,0,0,2,2,0,2,2,,,,,,,2,1,3,1,3,2,-0.294854432,0.068913881,0.199242594,1.026697957
MP2,2,2,2,2&1,1,1,1,3,4,2,6,8,,,,,,,6,1,6,1,6,3,-0.57636334,0.094527723,0.413200261,1.068635356
MP2,2,3,3,1*1&1*1 (1),0,0,1.67,2.33,4,5,7,12,,,,,,,6,2,6,1,8,5,6.591782908,-0.134921098,2.46488752,-7.92174933
MP2,2,4,4,1*1&1*1 (1),1,1,1.5,3.25,4.75,6,13,19,,,,,,,6,2,8,2,8,5,-0.456189625,0.125847631,0.047094495,1.283247498
MP2,2,5,3,3&2,1,1 (tens carrying),2,3.67,5.67,6,11,17,,,,,,,11,2,10,3,13,5,0.336781774,0.010390247,0.139082549,0.513745431
MP2,2,6,4,1*1&1*1 (2),0,0,2,3.5,5.5,8,14,22,,,,,,,10,2,9,5,10,4,-0.334347369,0.103131581,0.242157419,0.989058369
MP2,2,7,3,2&2,1,1,2,3,5,6,12,18,,,,,,,8,2,9,1,8,5,0.577236222,-0.164944981,0.109755546,0.477953214
MP2,2,8,3,3&2,1,1 (units carrying),2,4.33,6.33,6,13,19,,,,,,,10,2,10,2,10,4,0.796957662,-0.075296515,0.209460066,0.068878788
MP2,2,9,3,3&2,1,1 (units carrying),2,4.33,6.33,6,13,19,,,,,,,10,3,7,4,9,6,0.663179804,-0.138308984,0.117204746,0.357924435
MP2,2,10,3,2&2,2,2,1.67,5,6.67,8,15,23,,,,,,,8,2,8,2,10,4,0.984104139,0.0764793,0.216037562,-0.276621
MP2,2,11,3,2*1,1,1,2.67,5,7.67,8,15,23,,,,,,,10,3,12,3,12,6,-0.01326419,0.063602321,0.075541741,0.874120128
MP2,2,12,4,3&2,2,2,2.5,5.25,7.75,10,21,31,,,,,,,12,2,11,2,12,6,1.342251289,-0.458837455,-0.33313142,0.449717586
MP2,2,13,5,3&3,3,3,2.4,4,6.4,12,20,32,,,,,,,12,3,12,3,10,4,-0.213212484,0.144401459,0.065832034,1.002978991
MP2,2,14,9,2*1&2*1,2,2,4.56,6.44,11,41,58,99,,,,,,,15,3,16,6,14,4,5.755139913,-1.359108838,-1.893812815,-1.502218261
MP20,2,1,1,2&1,0,0,0,2,2,0,2,2,200,1,3.44302,1,102.32,3.22,2,1,1,1,1,1,-0.128666374,-0.045802948,0.101353753,1.07311557
MP20,2,2,2,2&1,1,1,1,3,4,2,6,8,2229,2,3.32753,1,107.68,3.24,6,1,3,2,1,2,0.169239495,0.093955158,0.199309209,0.537496138
MP20,2,3,3,1*1&1*1 (1),0,0,1.67,2.33,4,5,7,12,1431,5,3.23217,5,157.03,3.3,3,1,3,3,6,5,0.175140569,0.09241725,0.194833439,0.537608742
MP20,2,4,4,1*1&1*1 (1),1,1,1.5,3.25,4.75,6,13,19,1428,7,3.19156,4,118.68,4.47,6,1,10,5,10,9,0.167746557,0.102314981,0.1201641,0.609774363
MP20,2,5,3,3&2,1,1 (tens carrying),2,3.67,5.67,6,11,17,2873,7,3.27015,6,117.61,2.3,5,1,3,3,3,5,0.174044574,0.094579264,0.190959238,0.540416924
MP20,2,6,4,1*1&1*1 (2),0,0,2,3.5,5.5,8,14,22,833,9,3.19197,12,154.98,9.78,10,1,10,3,7,7,0.357248639,0.139846438,0.246223599,0.256681324
MP20,2,7,3,2&2,1,1,2,3,5,6,12,18,1711,8,3.28891,8,127.39,2.64,17,1,5,5,10,18,0.306623853,0.134686483,0.333460989,0.225228675
MP20,2,8,3,3&2,1,1 (units carrying),2,4.33,6.33,6,13,19,1516,6,3.28164,6,120.18,1.95,16,1,14,6,16,12,0.670812442,0.312289727,0.023143626,-0.006245795
MP20,2,9,3,3&2,1,1 (units carrying),2,4.33,6.33,6,13,19,2562,6,3.29303,4,115.1,2.79,7,1,8,3,3,5,0.69966783,0.296747739,0.087781031,-0.084196599
MP20,2,10,3,2&2,2,2,1.67,5,6.67,8,15,23,3123,4,3.19428,1,102.36,0.5,10,1,8,6,6,5,0.256280766,0.102320164,0.119400447,0.521998623
MP20,2,11,3,2*1,1,1,2.67,5,7.67,8,15,23,1133,3,3.23771,2,112.92,3.06,7,1,3,3,4,2,0.173205534,0.095368763,0.216880233,0.51454547
MP20,2,12,4,3&2,2,2,2.5,5.25,7.75,10,21,31,746,9,3.29499,12,127.87,3.89,16,1,12,8,18,3,-0.07523664,-0.082127443,0.251046872,0.906317211
MP20,2,13,5,3&3,3,3,2.4,4,6.4,12,20,32,868,18,3.29258,19,126.77,3.49,20,1,5,4,20,21,0.210631033,0.096896416,0.18078652,0.511686031
MP20,2,14,9,2*1&2*1,2,2,4.56,6.44,11,41,58,99,842,9,3.21673,10,147.09,6.75,19,1,12,3,20,6,0.216292596,0.099859792,0.206445182,0.47740243
MP21,2,1,1,2&1,0,0,0,2,2,0,2,2,1479,3,3.88857,1,108.21,2.85,5,1,13,4,14,4,-0.038695147,0.050586516,-0.02382801,1.011936641
MP21,2,2,2,2&1,1,1,1,3,4,2,6,8,921,12,3.5469,9,128.62,4.05,8,1,15,5,4,6,0.029841373,0.030557954,0.280688638,0.658912035
MP21,2,3,3,1*1&1*1 (1),0,0,1.67,2.33,4,5,7,12,711,26,3.46364,19,154.33,5.34,12,1,10,15,6,18,-0.019183515,0.022449955,0.819249093,0.177484467
MP21,2,4,4,1*1&1*1 (1),1,1,1.5,3.25,4.75,6,13,19,544,27,3.59232,22,153.04,5.26,12,1,10,15,13,14,-0.089104582,0.043286097,0.175007938,0.870810547
MP21,2,5,3,3&2,1,1 (tens carrying),2,3.67,5.67,6,11,17,365,32,3.59503,26,152.21,5.11,12,1,10,8,12,8,0.003472579,0.0194148,-0.027768708,1.004881329
MP21,2,6,4,1*1&1*1 (2),0,0,2,3.5,5.5,8,14,22,441,21,3.58627,18,166.49,5.27,15,1,11,8,10,10,0.118608328,0.044174227,0.179275692,0.657941754
MP21,2,7,3,2&2,1,1,2,3,5,6,12,18,525,26,3.48368,21,138.76,3.19,14,1,10,10,14,12,0.021463213,0.023317555,0.583922523,0.371296709
MP21,2,8,3,3&2,1,1 (units carrying),2,4.33,6.33,6,13,19,515,24,3.60973,20,137.75,3.46,14,1,10,18,13,14,-0.03965341,0.058119659,0.151526607,0.830007144
MP21,2,9,3,3&2,1,1 (units carrying),2,4.33,6.33,6,13,19,821,15,3.61743,10,136.51,3.71,12,1,10,10,12,12,0.065226146,0.035874173,0.314916545,0.583983135
MP21,2,10,3,2&2,2,2,1.67,5,6.67,8,15,23,467,26,3.4524,27,138.31,4.19,10,1,10,5,13,8,-0.004878287,0.247922338,0.537025221,0.219930728
MP21,2,11,3,2*1,1,1,2.67,5,7.67,8,15,23,488,23,3.66104,15,211.3,8.66,16,1,16,18,10,15,0.065528379,0.141966285,0.178646585,0.613858751
MP21,2,12,4,3&2,2,2,2.5,5.25,7.75,10,21,31,626,30,3.58573,26,157.3,4.56,15,1,10,10,13,12,-0.072681389,0.18009145,0.541818035,0.350771904
MP21,2,13,5,3&3,3,3,2.4,4,6.4,12,20,32,504,46,3.53971,44,162.27,5.34,16,1,10,18,14,15,0.585656521,-0.091409457,-0.547834458,1.053587394
MP21,2,14,9,2*1&2*1,2,2,4.56,6.44,11,41,58,99,818,17,3.4961,12,150.25,3.99,15,1,10,18,12,18,-0.126173048,0.083525726,-0.106207988,1.14885531
MP22,2,1,1,2&1,0,0,0,2,2,0,2,2,3858,1,3.67895,2,109.46,0.81,4,1,6,1,7,1,2.296258933,0.051749301,-1.460330381,0.112322148
MP22,2,2,2,2&1,1,1,1,3,4,2,6,8,5037,4,3.58831,1,241.03,11.82,7,1,11,3,8,2,8.293674363,-0.770114089,-1.163938179,-5.359622095
MP22,2,3,3,1*1&1*1 (1),0,0,1.67,2.33,4,5,7,12,1802,7,3.71804,7,156.77,4.61,9,1,11,3,10,2,0.514647182,0.014591277,0.122837864,0.347923678
MP22,2,4,4,1*1&1*1 (1),1,1,1.5,3.25,4.75,6,13,19,4046,5,3.57497,5,127.66,2.76,10,1,8,2,13,2,0.924563022,-0.015842561,0.109944423,-0.018664885
MP22,2,5,3,3&2,1,1 (tens carrying),2,3.67,5.67,6,11,17,1576,14,3.61376,15,124.49,3.07,15,1,12,5,13,4,0.369085238,0.034499562,0.138014987,0.458400213
MP22,2,6,4,1*1&1*1 (2),0,0,2,3.5,5.5,8,14,22,1825,13,3.61259,12,198.67,9.43,12,1,11,7,9,5,0.409495413,0.007973912,0.128436774,0.454093901
MP22,2,7,3,2&2,1,1,2,3,5,6,12,18,2182,12,3.5885,12,115.54,2.6,11,1,9,3,13,2,0.378569319,0.037015445,0.139033249,0.445381987
MP22,2,8,3,3&2,1,1 (units carrying),2,4.33,6.33,6,13,19,1927,13,3.62084,13,127.95,3.83,9,1,10,5,9,3,0.497816842,0.030342659,0.137936159,0.333904341
MP22,2,9,3,3&2,1,1 (units carrying),2,4.33,6.33,6,13,19,2928,4,3.64928,3,150.33,4.76,17,1,13,15,13,14,0.402286311,0.018140346,0.137809712,0.441763631
MP22,2,10,3,2&2,2,2,1.67,5,6.67,8,15,23,1295,19,3.62571,19,125.51,3.19,12,1,15,12,13,17,0.489047556,-0.01069517,0.111031851,0.410615763
MP22,2,11,3,2*1,1,1,2.67,5,7.67,8,15,23,7149,3,3.61984,1,109.42,1.08,15,1,11,8,14,4,0.557764151,0.027044317,0.10011105,0.315080481
MP22,2,12,4,3&2,2,2,2.5,5.25,7.75,10,21,31,1012,16,3.60353,19,125.71,4.3,12,1,12,14,13,4,0.450428987,0.023182927,0.114053731,0.412334355
MP22,2,13,5,3&3,3,3,2.4,4,6.4,12,20,32,1047,26,3.68742,25,137.32,4.54,15,1,16,18,14,10,0.38721644,0.035703621,0.143796508,0.43328343
MP22,2,14,9,2*1&2*1,2,2,4.56,6.44,11,41,58,99,2289,8,3.61384,8,126.08,4.57,12,1,13,19,15,10,0.429090693,-0.021957316,0.09162918,0.501237443
MP23,2,1,1,2&1,0,0,0,2,2,0,2,2,857,8,3.7631,14,123.07,3.06,2,3,5,3,1,1,-0.243257642,0.11996236,0.231680464,0.891614818
MP23,2,2,2,2&1,1,1,1,3,4,2,6,8,906,3,3.65771,8,129.65,2.9,3,2,5,4,7,2,4.556920829,-0.416730871,-0.325999601,-2.814190356
MP23,2,3,3,1*1&1*1 (1),0,0,1.67,2.33,4,5,7,12,751,14,3.5929,16,132.99,3.84,4,1,3,5,7,2,-0.820715024,0.035205287,0.363027492,1.422482245
MP23,2,4,4,1*1&1*1 (1),1,1,1.5,3.25,4.75,6,13,19,807,14,3.56511,17,153.42,5.58,3,1,3,5,10,2,-0.578303978,0.108964486,0.075013068,1.394326424
MP23,2,5,3,3&2,1,1 (tens carrying),2,3.67,5.67,6,11,17,514,26,3.55302,30,136.41,4.39,7,1,6,10,10,3,-0.357448331,0.053656646,0.195093096,1.108698589
MP23,2,6,4,1*1&1*1 (2),0,0,2,3.5,5.5,8,14,22,661,17,3.62592,20,144.32,4.5,7,2,6,7,12,3,-0.052655764,0.061539592,0.168506997,0.822609174
MP23,2,7,3,2&2,1,1,2,3,5,6,12,18,800,15,3.69492,21,126.36,3.33,6,1,5,5,11,2,-0.19684472,0.03787276,0.102223315,1.056748645
MP23,2,8,3,3&2,1,1 (units carrying),2,4.33,6.33,6,13,19,543,37,3.61464,43,140.8,4.64,7,2,5,5,12,2,-0.097344011,0.066872095,0.207727109,0.822744807
MP23,2,9,3,3&2,1,1 (units carrying),2,4.33,6.33,6,13,19,894,7,3.69276,13,132.44,4.95,4,1,3,4,9,2,15.59868828,-0.625009673,-0.613314502,-13.36036411
MP23,2,10,3,2&2,2,2,1.67,5,6.67,8,15,23,690,24,3.4295,26,126.07,3.78,6,2,5,6,10,2,4.733470321,-0.396405841,-0.169656423,-3.167408057
MP23,2,11,3,2*1,1,1,2.67,5,7.67,8,15,23,640,7,3.63031,8,133.01,4.21,4,1,3,4,5,1,-0.329867744,0.133751136,0.21224616,0.983870448
MP23,2,12,4,3&2,2,2,2.5,5.25,7.75,10,21,31,645,21,3.65592,25,137.57,4.31,10,2,5,10,10,4,-0.066011278,0.04073328,0.162851696,0.862426302
MP23,2,13,5,3&3,3,3,2.4,4,6.4,12,20,32,650,20,3.71069,24,157.49,5.47,12,3,7,13,5,3,-0.2235243,0.093913596,0.127940998,1.001669706
MP23,2,14,9,2*1&2*1,2,2,4.56,6.44,11,41,58,99,290,6,3.46026,9,135.26,4.64,17,2,15,20,17,6,-1.365385272,0.052110097,0.503835861,1.809439313
MP24,2,1,1,2&1,0,0,0,2,2,0,2,2,1299,2,3.42202,0,,,5,1,7,5,5,6,-3.561652382,0.726644337,1.428571898,2.406436148
MP24,2,2,2,2&1,1,1,1,3,4,2,6,8,1075,9,3.5225,3,125.89,3.84,3,1,3,7,3,3,-0.250044495,0.143893669,0.504394775,0.601756052
MP24,2,3,3,1*1&1*1 (1),0,0,1.67,2.33,4,5,7,12,805,24,3.60162,20,159.49,5.58,4,1,4,9,4,4,-0.379095351,0.045623543,0.147898463,1.185573345
MP24,2,4,4,1*1&1*1 (1),1,1,1.5,3.25,4.75,6,13,19,711,27,3.5863,23,161.56,6.97,3,1,3,15,3,3,-0.084326474,0.098871337,0.499539578,0.485915559
MP24,2,5,3,3&2,1,1 (tens carrying),2,3.67,5.67,6,11,17,930,23,3.52368,14,121.14,3.41,5,1,5,10,7,5,-0.315940574,0.101547248,0.36202226,0.852371066
MP24,2,6,4,1*1&1*1 (2),0,0,2,3.5,5.5,8,14,22,731,21,3.61725,16,186.5,7.97,10,1,7,7,7,7,-2.857158102,0.409127386,0.569086066,2.87894465
MP24,2,7,3,2&2,1,1,2,3,5,6,12,18,939,17,3.44379,7,127.49,3.45,3,1,3,9,3,3,-0.928129934,0.168198766,0.436452736,1.323478431
MP24,2,8,3,3&2,1,1 (units carrying),2,4.33,6.33,6,13,19,1019,20,3.51272,13,131.21,3.49,6,1,7,10,7,6,-0.710167653,0.314259081,0.516221454,0.879687118
MP24,2,9,3,3&2,1,1 (units carrying),2,4.33,6.33,6,13,19,1279,1,3.4586,1,100.01,2.03,4,1,4,10,5,5,-0.384735304,0.117318502,0.341763242,0.925653561
MP24,2,10,3,2&2,2,2,1.67,5,6.67,8,15,23,1224,9,3.48341,5,120.15,3.39,7,1,7,7,7,7,-0.111510863,0.124929587,0.311330267,0.675251008
MP24,2,11,3,2*1,1,1,2.67,5,7.67,8,15,23,697,13,3.73957,7,175.09,9.84,3,1,4,10,3,3,-5.040674666,1.232198073,1.695616983,3.11285961
MP24,2,12,4,3&2,2,2,2.5,5.25,7.75,10,21,31,758,19,3.56675,13,120.11,3.92,10,1,7,10,10,7,-0.046502673,0.060054395,0.175375783,0.811072495
MP24,2,13,5,3&3,3,3,2.4,4,6.4,12,20,32,839,22,3.55698,13,133.29,4.37,5,1,5,18,7,7,-5.002130065,3.355601502,1.891236062,0.7552925
MP24,2,14,9,2*1&2*1,2,2,4.56,6.44,11,41,58,99,704,9,3.81262,4,166.24,5.9,10,1,7,21,15,7,-0.620676539,0.281395499,0.108877399,1.230403641
MP25,2,1,1,2&1,0,0,0,2,2,0,2,2,,,,,,,1,1,1,1,1,1,-0.138781185,0.00809208,0.132446096,0.998243009
MP25,2,2,2,2&1,1,1,1,3,4,2,6,8,,,,,,,1,1,1,2,1,3,-0.010334416,0.021818926,0.154994223,0.833521267
MP25,2,3,3,1*1&1*1 (1),0,0,1.67,2.33,4,5,7,12,,,,,,,5,1,4,2,3,2,0.067855021,0.039500011,0.275540308,0.617104659
MP25,2,4,4,1*1&1*1 (1),1,1,1.5,3.25,4.75,6,13,19,,,,,,,5,5,8,3,3,2,-0.497649307,0.038161743,0.214197177,1.245290387
MP25,2,5,3,3&2,1,1 (tens carrying),2,3.67,5.67,6,11,17,,,,,,,6,1,5,3,2,2,-0.201857523,0.002882896,0.352853764,0.846120864
MP25,2,6,4,1*1&1*1 (2),0,0,2,3.5,5.5,8,14,22,,,,,,,10,10,7,8,15,10,-0.467756845,-0.010965974,0.093814926,1.384907892
MP25,2,7,3,2&2,1,1,2,3,5,6,12,18,,,,,,,15,3,8,3,10,5,-0.032140117,0.053124548,0.304700051,0.674315517
MP25,2,8,3,3&2,1,1 (units carrying),2,4.33,6.33,6,13,19,,,,,,,8,3,5,3,4,3,-0.244498757,0.02111904,0.26982283,0.953556887
MP25,2,9,3,3&2,1,1 (units carrying),2,4.33,6.33,6,13,19,,,,,,,18,15,18,10,21,18,1.364912866,0.060106097,0.105925182,-0.530944146
MP25,2,10,3,2&2,2,2,1.67,5,6.67,8,15,23,,,,,,,5,6,4,3,4,5,-0.031054879,0.033226669,0.146341035,0.851487175
MP25,2,11,3,2*1,1,1,2.67,5,7.67,8,15,23,,,,,,,8,5,5,3,5,5,-0.012557868,0.047555373,0.171115577,0.793886917
MP25,2,12,4,3&2,2,2,2.5,5.25,7.75,10,21,31,,,,,,,20,15,21,17,20,18,-0.053418443,0.019042882,0.203297331,0.83107823
MP25,2,13,5,3&3,3,3,2.4,4,6.4,12,20,32,,,,,,,21,10,21,21,21,20,-0.014677583,0.060488458,0.197157777,0.757031348
MP25,2,14,9,2*1&2*1,2,2,4.56,6.44,11,41,58,99,,,,,,,21,16,21,21,21,21,-0.134587639,0.045862147,0.543185722,0.54553977
MP26,2,1,1,2&1,0,0,0,2,2,0,2,2,,,,,,,3,1,2,5,3,2,0.782599963,-0.015311135,0.140208066,0.092503106
MP26,2,2,2,2&1,1,1,1,3,4,2,6,8,,,,,,,13,2,13,11,16,13,0.556600604,0.013567529,0.096841981,0.332989886
MP26,2,3,3,1*1&1*1 (1),0,0,1.67,2.33,4,5,7,12,,,,,,,4,1,6,3,4,1,0.709202521,-0.00815057,0.032289402,0.266658647
MP26,2,4,4,1*1&1*1 (1),1,1,1.5,3.25,4.75,6,13,19,,,,,,,12,3,13,16,12,7,0.428988818,0.013526975,0.090845514,0.466638693
MP26,2,5,3,3&2,1,1 (tens carrying),2,3.67,5.67,6,11,17,,,,,,,7,3,6,8,10,3,1.15975752,0.014175932,0.037480609,-0.211414061
MP26,2,6,4,1*1&1*1 (2),0,0,2,3.5,5.5,8,14,22,,,,,,,7,2,8,10,13,4,0.466397567,0.01700129,0.058194865,0.458406277
MP26,2,7,3,2&2,1,1,2,3,5,6,12,18,,,,,,,8,1,6,10,13,12,0.496161516,0.010534925,0.072349498,0.420954061
MP26,2,8,3,3&2,1,1 (units carrying),2,4.33,6.33,6,13,19,,,,,,,13,2,16,15,13,16,-0.705843691,0.036700308,0.092124724,1.577018659
MP26,2,9,3,3&2,1,1 (units carrying),2,4.33,6.33,6,13,19,,,,,,,10,5,7,12,15,8,0.412442304,0.00778668,0.100461273,0.479309744
MP26,2,10,3,2&2,2,2,1.67,5,6.67,8,15,23,,,,,,,16,4,15,15,12,10,-2.353805097,0.269573538,1.276922745,1.807308814
MP26,2,11,3,2*1,1,1,2.67,5,7.67,8,15,23,,,,,,,10,2,11,13,12,15,-0.119734738,0.029210352,0.157996028,0.932528359
MP26,2,12,4,3&2,2,2,2.5,5.25,7.75,10,21,31,,,,,,,15,3,16,18,12,13,0.432551213,0.012236761,0.055715427,0.499496599
MP26,2,13,5,3&3,3,3,2.4,4,6.4,12,20,32,,,,,,,14,3,12,10,15,16,0.864187442,0.005892178,-0.074304004,0.204224383
MP26,2,14,9,2*1&2*1,2,2,4.56,6.44,11,41,58,99,,,,,,,20,1,21,21,20,21,0.883757855,-0.013728287,0.030875894,0.099094538
MP3,2,1,1,2&1,0,0,0,2,2,0,2,2,200,10,2.8435,9,160.64,4.67,3,2,3,3,2,1,6.985565515,0.212068284,0.211985895,-6.409619694
MP3,2,2,2,2&1,1,1,1,3,4,2,6,8,166,13,3.3978,9,268.87,7.71,7,2,7,3,7,4,-0.249534309,0.153242999,0.160076996,0.936214314
MP3,2,3,3,1*1&1*1 (1),0,0,1.67,2.33,4,5,7,12,247,15,3.35443,12,231.92,7.17,12,2,11,9,10,8,-0.255376157,0.105581689,0.197705922,0.952088545
MP3,2,4,4,1*1&1*1 (1),1,1,1.5,3.25,4.75,6,13,19,193,9,2.76294,4,191.45,4.83,7,2,6,4,7,5,-0.542646331,0.155318669,0.090268585,1.297059077
MP3,2,5,3,3&2,1,1 (tens carrying),2,3.67,5.67,6,11,17,227,3,3.23702,3,360.78,8.47,8,2,8,7,7,5,3.219306067,0.277883311,-0.377305679,-2.119883698
MP3,2,6,4,1*1&1*1 (2),0,0,2,3.5,5.5,8,14,22,248,10,3.38685,8,229.64,7.61,13,2,11,6,10,8,-0.940267075,-0.076616272,0.299952938,1.716930408
MP3,2,7,3,2&2,1,1,2,3,5,6,12,18,242,18,2.92976,12,193.52,5.29,18,2,18,7,16,12,0.587990386,0.066863126,0.082323969,0.262822519
MP3,2,8,3,3&2,1,1 (units carrying),2,4.33,6.33,6,13,19,,0,,2,251.45,7.23,12,2,12,8,6,6,-0.998790343,0.185833571,0.555842476,1.257114296
MP3,2,9,3,3&2,1,1 (units carrying),2,4.33,6.33,6,13,19,326,3,2.90037,3,288.91,8.8,12,2,14,10,10,11,-0.511086007,0.20034502,0.236465005,1.074275982
MP3,2,10,3,2&2,2,2,1.67,5,6.67,8,15,23,160,11,3.0194,6,270.14,8.14,15,2,15,7,10,10,-0.046503544,0.069598574,0.169688212,0.807216758
MP3,2,11,3,2*1,1,1,2.67,5,7.67,8,15,23,350,6,3.39148,3,270.9,12.78,12,2,12,4,10,3,1.216607841,0.071494266,-0.126289504,-0.161812603
MP3,2,12,4,3&2,2,2,2.5,5.25,7.75,10,21,31,100,1,2.99251,1,577.06,19.33,10,2,10,7,7,6,-0.692766472,0.066410649,0.412561741,1.213794083
MP3,2,13,5,3&3,3,3,2.4,4,6.4,12,20,32,127,3,3.147,2,175.31,6.83,18,2,17,10,15,12,2.263039269,-0.544449383,0.133043395,-0.851633281
MP3,2,14,9,2*1&2*1,2,2,4.56,6.44,11,41,58,99,180,3,3.06816,4,292.94,5.79,19,2,14,13,18,15,-0.132112864,0.124899849,0.155285962,0.851927053
MP4,2,1,1,2&1,0,0,0,2,2,0,2,2,,,,,,,2,1,1,1,2,1,1.351510267,0.397906981,1.769221332,-2.51863858
MP4,2,2,2,2&1,1,1,1,3,4,2,6,8,,,,,,,5,1,2,2,2,1,0.312162011,0.10028827,0.387835054,0.199714665
MP4,2,3,3,1*1&1*1 (1),0,0,1.67,2.33,4,5,7,12,175,1089,3.56867,501,206.42,5.19,7,1,5,15,7,12,0.461086466,0.125879735,0.522004954,-0.108971156
MP4,2,4,4,1*1&1*1 (1),1,1,1.5,3.25,4.75,6,13,19,,,,,,,7,1,7,5,10,10,-0.465385794,-0.138487472,-0.826331316,2.430204582
MP4,2,5,3,3&2,1,1 (tens carrying),2,3.67,5.67,6,11,17,,,,,,,10,1,7,13,13,10,-0.05065484,-0.012678584,-0.038354898,1.101688321
MP4,2,6,4,1*1&1*1 (2),0,0,2,3.5,5.5,8,14,22,,,,,,,10,1,1,5,5,2,-0.05838857,0.001125215,0.016403139,1.040860216
MP4,2,7,3,2&2,1,1,2,3,5,6,12,18,80,1,3.1808,2,129.11,2.6,7,1,7,5,5,3,-0.095172582,-0.053058504,-0.310943357,1.459174444
MP4,2,8,3,3&2,1,1 (units carrying),2,4.33,6.33,6,13,19,80,1,2.9344,1,217.64,3.17,7,1,7,5,5,3,0.268904069,0.079742505,0.321362786,0.32999064
MP4,2,9,3,3&2,1,1 (units carrying),2,4.33,6.33,6,13,19,120,1,3.39002,0,,,5,1,10,7,5,2,-0.174873297,-0.039480614,-0.315317058,1.529670969
MP4,2,10,3,2&2,2,2,1.67,5,6.67,8,15,23,,,,,,,5,1,5,5,2,2,0.274134597,0.064793961,0.354658741,0.306412701
MP4,2,11,3,2*1,1,1,2.67,5,7.67,8,15,23,80,1,3.40728,0,,,5,1,10,7,5,2,-0.229624112,-0.039008124,-0.060222989,1.328855225
MP4,2,12,4,3&2,2,2,2.5,5.25,7.75,10,21,31,,,,,,,13,1,10,13,13,10,0.411245823,0.128906611,0.66323354,-0.203385975
MP4,2,13,5,3&3,3,3,2.4,4,6.4,12,20,32,170,16,2.95309,5,186.12,7.44,17,1,17,15,15,10,0.186380821,0.061414578,0.276526198,0.475678404
MP4,2,14,9,2*1&2*1,2,2,4.56,6.44,11,41,58,99,,,,,,,17,1,17,15,17,17,-0.085599094,0.00901831,0.146233474,0.930347311
MP5,2,1,1,2&1,0,0,0,2,2,0,2,2,,,,,,,5,2,16,1,16,1,0.322725171,0.035710783,0.212524692,0.429039353
MP5,2,2,2,2&1,1,1,1,3,4,2,6,8,,,,,,,7,2,15,6,14,6,-0.669385209,0.195333028,-0.307835808,1.781887989
MP5,2,3,3,1*1&1*1 (1),0,0,1.67,2.33,4,5,7,12,,,,,,,6,2,11,3,12,2,-0.340970365,0.067860207,-0.010480744,1.283590902
MP5,2,4,4,1*1&1*1 (1),1,1,1.5,3.25,4.75,6,13,19,,,,,,,9,2,11,5,11,4,-0.481193737,0.041434498,-0.120917073,1.560676312
MP5,2,5,3,3&2,1,1 (tens carrying),2,3.67,5.67,6,11,17,,,,,,,16,2,14,10,18,10,0.439904257,0.027782527,0.243410929,0.288902286
MP5,2,6,4,1*1&1*1 (2),0,0,2,3.5,5.5,8,14,22,,,,,,,8,2,13,3,14,2,0.505903607,0.017277612,0.319693436,0.157125344
MP5,2,7,3,2&2,1,1,2,3,5,6,12,18,,,,,,,10,2,12,8,14,5,0.527571514,-0.00342827,0.310044561,0.165812195
MP5,2,8,3,3&2,1,1 (units carrying),2,4.33,6.33,6,13,19,,,,,,,14,2,8,6,15,4,-0.550803853,0.025448514,0.020786227,1.504569112
MP5,2,9,3,3&2,1,1 (units carrying),2,4.33,6.33,6,13,19,,,,,,,18,2,15,13,19,12,2.145302737,0.122134064,0.661866175,-1.929302976
MP5,2,10,3,2&2,2,2,1.67,5,6.67,8,15,23,,,,,,,10,2,8,8,18,7,-0.709847724,-0.003519075,-0.158325415,1.871692214
MP5,2,11,3,2*1,1,1,2.67,5,7.67,8,15,23,,,,,,,15,2,18,14,16,12,0.795019642,0.027464468,0.338214219,-0.160698329
MP5,2,12,4,3&2,2,2,2.5,5.25,7.75,10,21,31,,,,,,,15,2,17,12,17,10,0.927590645,0.026313901,0.298707441,-0.252611988
MP5,2,13,5,3&3,3,3,2.4,4,6.4,12,20,32,,,,,,,19,2,17,15,18,6,14.99226979,-1.802498402,3.528684216,-15.71845561
MP5,2,14,9,2*1&2*1,2,2,4.56,6.44,11,41,58,99,,,,,,,20,2,12,18,16,15,0.65544167,-0.001479478,0.248169479,0.097868328
MP6,2,1,1,2&1,0,0,0,2,2,0,2,2,317,40,3.54554,37,146.68,5.57,5,1,5,1,5,5,0.108756067,0.070365813,0.199227875,0.621650245
MP6,2,2,2,2&1,1,1,1,3,4,2,6,8,338,35,3.66029,25,144.49,6.34,12,1,5,5,12,12,0.075965373,0.027926325,0.143786526,0.752321776
MP6,2,3,3,1*1&1*1 (1),0,0,1.67,2.33,4,5,7,12,327,42,3.50674,32,187.68,7.49,11,1,12,5,12,11,0.053063726,0.017085533,0.138240212,0.791610529
MP6,2,4,4,1*1&1*1 (1),1,1,1.5,3.25,4.75,6,13,19,333,35,3.55676,18,160.95,6.11,11,1,10,2,11,11,0.056555988,0.020376463,0.116931028,0.80613652
MP6,2,5,3,3&2,1,1 (tens carrying),2,3.67,5.67,6,11,17,297,50,3.5236,45,210.33,9.54,12,1,10,3,12,12,0.042637583,0.026889709,0.069318516,0.861154192
MP6,2,6,4,1*1&1*1 (2),0,0,2,3.5,5.5,8,14,22,352,41,3.49472,21,171.29,7.54,14,1,12,5,12,11,0.050244466,0.029603614,0.149817618,0.770334302
MP6,2,7,3,2&2,1,1,2,3,5,6,12,18,285,55,3.36264,43,195.55,7.77,12,1,10,5,12,11,0.054610326,0.026042987,0.136362775,0.782983912
MP6,2,8,3,3&2,1,1 (units carrying),2,4.33,6.33,6,13,19,255,54,3.47739,48,191.22,7.19,11,1,10,3,11,11,0.091425269,0.046548199,0.152505599,0.709520932
MP6,2,9,3,3&2,1,1 (units carrying),2,4.33,6.33,6,13,19,318,27,3.51425,23,161,5.86,11,1,11,3,12,12,0.038256242,0.01148569,0.086742698,0.86351537
MP6,2,10,3,2&2,2,2,1.67,5,6.67,8,15,23,278,50,3.58075,38,175.96,6.51,10,1,10,2,9,9,0.051802756,0.025458736,0.141648936,0.781089572
MP6,2,11,3,2*1,1,1,2.67,5,7.67,8,15,23,310,40,3.53936,32,157.48,5.64,9,1,10,3,9,10,0.059007282,0.017964568,0.113242401,0.809785749
MP6,2,12,4,3&2,2,2,2.5,5.25,7.75,10,21,31,283,50,3.44487,41,233.74,9.38,15,1,13,5,15,13,0.078154841,0.040609179,0.122984652,0.758251328
MP6,2,13,5,3&3,3,3,2.4,4,6.4,12,20,32,310,57,3.49708,41,231.78,9.62,15,1,11,3,11,13,0.070292928,0.022318934,0.166868933,0.740519205
MP6,2,14,9,2*1&2*1,2,2,4.56,6.44,11,41,58,99,263,42,3.47414,38,170.68,6.14,20,1,20,20,20,20,0.047232382,0.025480612,0.085148861,0.842138146
MP7,2,1,1,2&1,0,0,0,2,2,0,2,2,272,15,3.03519,15,165.48,4.27,2,1,6,1,4,2,-13.02993395,0.02604072,-0.46100709,14.46490032
MP7,2,2,2,2&1,1,1,1,3,4,2,6,8,300,8,3.20611,11,143.49,3.64,2,2,10,3,2,4,1.215433852,0.006821504,0.129171914,-0.351427271
MP7,2,3,3,1*1&1*1 (1),0,0,1.67,2.33,4,5,7,12,361,13,3.07704,8,211.77,6,8,2,10,3,8,2,0.724703317,0.016731826,0.142267794,0.116297063
MP7,2,4,4,1*1&1*1 (1),1,1,1.5,3.25,4.75,6,13,19,381,13,3.10713,11,170.54,5.41,6,3,10,3,4,2,1.032784075,0.005511895,0.193247639,-0.231543609
MP7,2,5,3,3&2,1,1 (tens carrying),2,3.67,5.67,6,11,17,319,22,2.98466,22,186.12,4.87,2,1,1,2,1,1,0.96006979,0.008180636,0.135111105,-0.103361531
MP7,2,6,4,1*1&1*1 (2),0,0,2,3.5,5.5,8,14,22,413,20,3.12496,22,132.37,4.37,1,1,3,2,1,1,0.613332694,0.02605651,0.162820374,0.197790422
MP7,2,7,3,2&2,1,1,2,3,5,6,12,18,286,22,3.13492,15,166.26,5.93,3,1,3,5,5,2,0.819623393,0.002471638,0.159929099,0.01797587
MP7,2,8,3,3&2,1,1 (units carrying),2,4.33,6.33,6,13,19,475,26,3.05955,22,157.49,5.11,2,1,2,3,1,1,1.137876801,-0.009595809,0.254863169,-0.383144161
MP7,2,9,3,3&2,1,1 (units carrying),2,4.33,6.33,6,13,19,462,10,3.18425,16,145.54,4.11,7,2,6,3,3,2,0.749311629,0.025218969,0.160082157,0.065387245
MP7,2,10,3,2&2,2,2,1.67,5,6.67,8,15,23,573,24,3.09274,22,135.06,4.36,3,1,4,3,1,1,0.635106735,0.02591026,0.155206855,0.18377615
MP7,2,11,3,2*1,1,1,2.67,5,7.67,8,15,23,467,11,3.01917,13,128.76,3.81,10,1,13,3,10,3,0.772135211,0.019320849,0.182912456,0.025631484
MP7,2,12,4,3&2,2,2,2.5,5.25,7.75,10,21,31,429,24,2.98474,25,149.07,4.53,4,1,1,5,2,1,0.76345183,0.023232364,0.187373112,0.025942694
MP7,2,13,5,3&3,3,3,2.4,4,6.4,12,20,32,311,14,3.03776,14,152.7,4.49,12,4,8,4,10,4,0.938176428,0.003653703,0.176671643,-0.118501775
MP7,2,14,9,2*1&2*1,2,2,4.56,6.44,11,41,58,99,457,19,3.2115,18,176.84,5.31,10,1,10,10,10,4,0.620389336,0.024087131,0.187910759,0.167612774
MP8,2,1,1,2&1,0,0,0,2,2,0,2,2,,,,,,,5,5,1,2,5,2,-1.542578771,0.079609471,0.509390773,1.953578526
MP8,2,2,2,2&1,1,1,1,3,4,2,6,8,203,44,3.66413,24,177.34,6.24,9,1,5,6,10,2,-0.131029102,0.013931758,0.443649846,0.673447498
MP8,2,3,3,1*1&1*1 (1),0,0,1.67,2.33,4,5,7,12,,,,,,,5,1,5,6,7,1,-0.235286911,0.006518332,0.550708945,0.678059634
MP8,2,4,4,1*1&1*1 (1),1,1,1.5,3.25,4.75,6,13,19,,,,,,,16,1,13,15,12,10,-1.193348438,0.055022975,0.524626585,1.613698878
MP8,2,5,3,3&2,1,1 (tens carrying),2,3.67,5.67,6,11,17,,,,,,,15,1,13,11,15,6,-1.413664312,-0.006117123,2.247720829,0.172060607
MP8,2,6,4,1*1&1*1 (2),0,0,2,3.5,5.5,8,14,22,,,,,,,13,1,14,7,10,5,-0.320619952,0.002129289,0.46801019,0.850480472
MP8,2,7,3,2&2,1,1,2,3,5,6,12,18,315,34,3.6136,23,139.97,5.35,12,1,10,5,10,2,-1.733173198,0.007877268,1.115073552,1.610222378
MP8,2,8,3,3&2,1,1 (units carrying),2,4.33,6.33,6,13,19,,,,,,,12,1,15,10,13,6,-0.305455982,0.01726509,0.65997917,0.628211722
MP8,2,9,3,3&2,1,1 (units carrying),2,4.33,6.33,6,13,19,301,52,3.61121,36,191.39,6.5,11,1,5,10,15,11,0.897820562,0.023759813,0.106779042,-0.028359417
MP8,2,10,3,2&2,2,2,1.67,5,6.67,8,15,23,220,66,3.66233,39,182.54,4.54,13,1,7,10,10,8,0.593008013,0.029246636,0.12114697,0.25659838
MP8,2,11,3,2*1,1,1,2.67,5,7.67,8,15,23,255,44,3.81007,26,200.74,5.45,16,1,15,11,15,10,-0.450262345,0.012597813,0.337707048,1.099957483
MP8,2,12,4,3&2,2,2,2.5,5.25,7.75,10,21,31,390,43,3.73706,25,161.35,5.47,14,1,14,10,15,6,-0.484011306,-0.011440082,0.344701883,1.150749506
MP8,2,13,5,3&3,3,3,2.4,4,6.4,12,20,32,,,,,,,12,1,5,5,12,4,0.8988624,0.032748471,-0.169341181,0.23773031
MP8,2,14,9,2*1&2*1,2,2,4.56,6.44,11,41,58,99,435,25,3.53262,12,145.72,6.03,18,1,15,15,18,11,0.863955108,0.025514386,-0.178081835,0.288612341
MP9,2,1,1,2&1,0,0,0,2,2,0,2,2,238,72,4.37049,50,214.46,4.96,3,1,3,2,5,5,0.293344102,-0.045653573,0.069058257,0.683251214
MP9,2,2,2,2&1,1,1,1,3,4,2,6,8,246,68,4.28022,53,183.16,4.81,5,1,5,3,5,5,0.203291279,0.001421011,0.070587612,0.724700098
MP9,2,3,3,1*1&1*1 (1),0,0,1.67,2.33,4,5,7,12,194,65,4.47011,45,311.19,7.2,5,1,10,2,8,5,0.099965987,-0.0230096,0.098089258,0.824954355
MP9,2,4,4,1*1&1*1 (1),1,1,1.5,3.25,4.75,6,13,19,227,68,4.19109,56,186.86,4.3,5,1,7,5,8,8,0.199152342,-0.010327179,0.06986107,0.741313767
MP9,2,5,3,3&2,1,1 (tens carrying),2,3.67,5.67,6,11,17,222,78,4.48459,51,249.43,5.87,8,1,12,5,15,10,0.189091074,0.002674545,0.093393462,0.71484092
MP9,2,6,4,1*1&1*1 (2),0,0,2,3.5,5.5,8,14,22,210,70,4.167,45,217.31,4.96,10,1,10,5,8,10,0.214375447,-0.013317399,0.082974954,0.715966999
MP9,2,7,3,2&2,1,1,2,3,5,6,12,18,267,50,4.44555,29,243.88,6.4,15,1,15,15,18,20,0.213343996,-0.019724835,0.06686838,0.739512459
MP9,2,8,3,3&2,1,1 (units carrying),2,4.33,6.33,6,13,19,206,99,4.42922,63,262.95,6.16,12,1,12,10,12,15,0.211157087,-0.018942578,0.09444899,0.713336501
MP9,2,9,3,3&2,1,1 (units carrying),2,4.33,6.33,6,13,19,276,34,4.00169,14,186.85,4.9,18,1,18,20,15,18,0.263494655,-0.024707188,0.085134229,0.676078305
MP9,2,10,3,2&2,2,2,1.67,5,6.67,8,15,23,221,64,4.07737,40,186.03,4.62,8,1,10,8,12,8,0.209822373,-0.015460922,0.065890283,0.739748267
MP9,2,11,3,2*1,1,1,2.67,5,7.67,8,15,23,212,37,4.20434,24,210.21,4.91,10,1,10,8,10,12,0.186124543,0.014370245,0.093801747,0.705703465
MP9,2,12,4,3&2,2,2,2.5,5.25,7.75,10,21,31,243,67,4.30647,35,183.68,4.28,12,1,15,10,12,13,0.18557058,0.000812442,0.084641707,0.728975271
MP9,2,13,5,3&3,3,3,2.4,4,6.4,12,20,32,240,35,4.26846,28,210.73,5.26,15,1,12,10,12,10,0.206152041,-0.02504348,0.045710654,0.773180784
MP9,2,14,9,2*1&2*1,2,2,4.56,6.44,11,41,58,99,214,43,4.2956,21,210.43,5.42,15,1,18,15,18,18,0.194761937,-0.019344247,0.092312747,0.732269563
