Participant,Round,Strategy,MathLevel,StageNumber,#Digits,#CarriesNum,#CarriesPlace,InterimDuring_Avg,InterimAfter_Avg,InterimSum_Avg,InterimDuring_tot,InterimAfter_tot,InterimSum_tot,Count,Correct #
MP10,2,UTH,1,1,2&1,0,0,0,2,2,0,2,2,19,19
MP10,2,UTH,2,2,2&1,1,1,1,3,4,2,6,8,6,6
MP10,2,UTH,3,3,1*1&1*1 (1),0,0,1.67,2.33,4,5,7,12,6,6
MP10,2,UTH,4,4,1*1&1*1 (1),1,1,1.5,3.25,4.75,6,13,19,5,4
MP10,2,UTH,5,3,3&2,1,1 (tens carrying),2,3.67,5.67,6,11,17,3,3
MP10,2,UTH,6,4,1*1&1*1 (2),0,0,2,3.5,5.5,8,14,22,3,1
MP10,2,UTH,7,3,2&2,1,1,2,3,5,6,12,18,4,4
MP10,2,UTH,8,3,3&2,1,1 (units carrying),2,4.33,6.33,6,13,19,3,3
MP10,2,UTH,9,3,3&2,1,1 (units carrying),2,4.33,6.33,6,13,19,4,3
MP10,2,UTH,10,3,2&2,2,2,1.67,5,6.67,8,15,23,5,4
MP10,2,UTH,11,3,2*1,1,1,2.67,5,7.67,8,15,23,4,4
MP10,2,UTH,12,4,3&2,2,2,2.5,5.25,7.75,10,21,31,3,3
MP10,2,UTH,13,5,3&3,3,3,2.4,4,6.4,12,20,32,2,1
MP10,2,UTH,14,9,2*1&2*1,2,2,4.56,6.44,11,41,58,99,1,0
MP11,1,UTH,1,1,2&1,0,0,0,2,2,0,2,2,19,19
MP11,1,UTH,2,2,2&1,1,1,1,3,4,2,6,8,9,8
MP11,1,UTH,3,3,1*1&1*1 (1),0,0,1.67,2.33,4,5,7,12,14,13
MP11,1,UTH,4,4,1*1&1*1 (1),1,1,1.5,3.25,4.75,6,13,19,8,5
MP11,1,UTH,5,3,3&2,1,1 (tens carrying),2,3.67,5.67,6,11,17,4,2
MP11,1,UTH,6,4,1*1&1*1 (2),0,0,2,3.5,5.5,8,14,22,9,9
MP11,1,UTH,7,3,2&2,1,1,2,3,5,6,12,18,7,7
MP11,1,UTH,8,3,3&2,1,1 (units carrying),2,4.33,6.33,6,13,19,4,2
MP11,1,UTH,9,3,3&2,1,1 (units carrying),2,4.33,6.33,6,13,19,5,3
MP11,1,UTH,10,3,2&2,2,2,1.67,5,6.67,8,15,23,7,6
MP11,1,UTH,11,3,2*1,1,1,2.67,5,7.67,8,15,23,7,7
MP11,1,UTH,12,4,3&2,2,2,2.5,5.25,7.75,10,21,31,4,1
MP11,1,UTH,13,5,3&3,3,3,2.4,4,6.4,12,20,32,2,1
MP11,1,UTH,14,9,2*1&2*1,2,2,4.56,6.44,11,41,58,99,1,1
MP12,2,UTH,1,1,2&1,0,0,0,2,2,0,2,2,9,9
MP12,2,UTH,2,2,2&1,1,1,1,3,4,2,6,8,5,5
MP12,2,UTH,3,3,1*1&1*1 (1),0,0,1.67,2.33,4,5,7,12,3,3
MP12,2,UTH,4,4,1*1&1*1 (1),1,1,1.5,3.25,4.75,6,13,19,2,2
MP12,2,UTH,5,3,3&2,1,1 (tens carrying),2,3.67,5.67,6,11,17,2,2
MP12,2,UTH,6,4,1*1&1*1 (2),0,0,2,3.5,5.5,8,14,22,2,1
MP12,2,UTH,7,3,2&2,1,1,2,3,5,6,12,18,2,2
MP12,2,UTH,8,3,3&2,1,1 (units carrying),2,4.33,6.33,6,13,19,2,0
MP12,2,UTH,9,3,3&2,1,1 (units carrying),2,4.33,6.33,6,13,19,1,0
MP12,2,UTH,10,3,2&2,2,2,1.67,5,6.67,8,15,23,1,1
MP12,2,UTH,11,3,2*1,1,1,2.67,5,7.67,8,15,23,1,1
MP12,2,UTH,12,4,3&2,2,2,2.5,5.25,7.75,10,21,31,2,2
MP12,2,UTH,13,5,3&3,3,3,2.4,4,6.4,12,20,32,1,1
MP12,2,UTH,14,9,2*1&2*1,2,2,4.56,6.44,11,41,58,99,1,0
MP13,2,UTH,1,1,2&1,0,0,0,2,2,0,2,2,16,16
MP13,2,UTH,2,2,2&1,1,1,1,3,4,2,6,8,14,14
MP13,2,UTH,3,3,1*1&1*1 (1),0,0,1.67,2.33,4,5,7,12,8,8
MP13,2,UTH,4,4,1*1&1*1 (1),1,1,1.5,3.25,4.75,6,13,19,5,4
MP13,2,UTH,5,3,3&2,1,1 (tens carrying),2,3.67,5.67,6,11,17,4,4
MP13,2,UTH,6,4,1*1&1*1 (2),0,0,2,3.5,5.5,8,14,22,5,5
MP13,2,UTH,7,3,2&2,1,1,2,3,5,6,12,18,8,8
MP13,2,UTH,8,3,3&2,1,1 (units carrying),2,4.33,6.33,6,13,19,5,4
MP13,2,UTH,9,3,3&2,1,1 (units carrying),2,4.33,6.33,6,13,19,5,5
MP13,2,UTH,10,3,2&2,2,2,1.67,5,6.67,8,15,23,6,6
MP13,2,UTH,11,3,2*1,1,1,2.67,5,7.67,8,15,23,5,5
MP13,2,UTH,12,4,3&2,2,2,2.5,5.25,7.75,10,21,31,4,4
MP13,2,UTH,13,5,3&3,3,3,2.4,4,6.4,12,20,32,3,3
MP13,2,UTH,14,9,2*1&2*1,2,2,4.56,6.44,11,41,58,99,1,1
MP14,1,UTH,1,1,2&1,0,0,0,2,2,0,2,2,15,14
MP14,1,UTH,2,2,2&1,1,1,1,3,4,2,6,8,11,10
MP14,1,UTH,3,3,1*1&1*1 (1),0,0,1.67,2.33,4,5,7,12,6,6
MP14,1,UTH,4,4,1*1&1*1 (1),1,1,1.5,3.25,4.75,6,13,19,6,6
MP14,1,UTH,5,3,3&2,1,1 (tens carrying),2,3.67,5.67,6,11,17,4,2
MP14,1,UTH,6,4,1*1&1*1 (2),0,0,2,3.5,5.5,8,14,22,4,4
MP14,1,UTH,7,3,2&2,1,1,2,3,5,6,12,18,6,5
MP14,1,UTH,8,3,3&2,1,1 (units carrying),2,4.33,6.33,6,13,19,6,3
MP14,1,UTH,9,3,3&2,1,1 (units carrying),2,4.33,6.33,6,13,19,3,1
MP14,1,UTH,10,3,2&2,2,2,1.67,5,6.67,8,15,23,5,5
MP14,1,UTH,11,3,2*1,1,1,2.67,5,7.67,8,15,23,3,1
MP14,1,UTH,12,4,3&2,2,2,2.5,5.25,7.75,10,21,31,3,1
MP14,1,UTH,13,5,3&3,3,3,2.4,4,6.4,12,20,32,1,1
MP14,1,UTH,14,9,2*1&2*1,2,2,4.56,6.44,11,41,58,99,1,0
MP15,1,UTH,1,1,2&1,0,0,0,2,2,0,2,2,19,19
MP15,1,UTH,2,2,2&1,1,1,1,3,4,2,6,8,7,6
MP15,1,UTH,3,3,1*1&1*1 (1),0,0,1.67,2.33,4,5,7,12,6,5
MP15,1,UTH,4,4,1*1&1*1 (1),1,1,1.5,3.25,4.75,6,13,19,6,6
MP15,1,UTH,5,3,3&2,1,1 (tens carrying),2,3.67,5.67,6,11,17,3,2
MP15,1,UTH,6,4,1*1&1*1 (2),0,0,2,3.5,5.5,8,14,22,5,5
MP15,1,UTH,7,3,2&2,1,1,2,3,5,6,12,18,6,6
MP15,1,UTH,8,3,3&2,1,1 (units carrying),2,4.33,6.33,6,13,19,3,2
MP15,1,UTH,9,3,3&2,1,1 (units carrying),2,4.33,6.33,6,13,19,2,1
MP15,1,UTH,10,3,2&2,2,2,1.67,5,6.67,8,15,23,3,2
MP15,1,UTH,11,3,2*1,1,1,2.67,5,7.67,8,15,23,4,4
MP15,1,UTH,12,4,3&2,2,2,2.5,5.25,7.75,10,21,31,2,1
MP15,1,UTH,13,5,3&3,3,3,2.4,4,6.4,12,20,32,2,0
MP15,1,UTH,14,9,2*1&2*1,2,2,4.56,6.44,11,41,58,99,1,1
MP16,1,UTH,1,1,2&1,0,0,0,2,2,0,2,2,15,15
MP16,1,UTH,2,2,2&1,1,1,1,3,4,2,6,8,8,8
MP16,1,UTH,3,3,1*1&1*1 (1),0,0,1.67,2.33,4,5,7,12,9,7
MP16,1,UTH,4,4,1*1&1*1 (1),1,1,1.5,3.25,4.75,6,13,19,7,7
MP16,1,UTH,5,3,3&2,1,1 (tens carrying),2,3.67,5.67,6,11,17,4,4
MP16,1,UTH,6,4,1*1&1*1 (2),0,0,2,3.5,5.5,8,14,22,6,6
MP16,1,UTH,7,3,2&2,1,1,2,3,5,6,12,18,5,5
MP16,1,UTH,8,3,3&2,1,1 (units carrying),2,4.33,6.33,6,13,19,3,3
MP16,1,UTH,9,3,3&2,1,1 (units carrying),2,4.33,6.33,6,13,19,3,3
MP16,1,UTH,10,3,2&2,2,2,1.67,5,6.67,8,15,23,5,5
MP16,1,UTH,11,3,2*1,1,1,2.67,5,7.67,8,15,23,3,3
MP16,1,UTH,12,4,3&2,2,2,2.5,5.25,7.75,10,21,31,2,2
MP16,1,UTH,13,5,3&3,3,3,2.4,4,6.4,12,20,32,3,3
MP16,1,UTH,14,9,2*1&2*1,2,2,4.56,6.44,11,41,58,99,1,1
MP17,1,UTH,1,1,2&1,0,0,0,2,2,0,2,2,13,13
MP17,1,UTH,2,2,2&1,1,1,1,3,4,2,6,8,6,5
MP17,1,UTH,3,3,1*1&1*1 (1),0,0,1.67,2.33,4,5,7,12,5,5
MP17,1,UTH,4,4,1*1&1*1 (1),1,1,1.5,3.25,4.75,6,13,19,4,4
MP17,1,UTH,5,3,3&2,1,1 (tens carrying),2,3.67,5.67,6,11,17,2,2
MP17,1,UTH,6,4,1*1&1*1 (2),0,0,2,3.5,5.5,8,14,22,3,3
MP17,1,UTH,7,3,2&2,1,1,2,3,5,6,12,18,4,3
MP17,1,UTH,8,3,3&2,1,1 (units carrying),2,4.33,6.33,6,13,19,3,3
MP17,1,UTH,9,3,3&2,1,1 (units carrying),2,4.33,6.33,6,13,19,2,2
MP17,1,UTH,10,3,2&2,2,2,1.67,5,6.67,8,15,23,2,2
MP17,1,UTH,11,3,2*1,1,1,2.67,5,7.67,8,15,23,2,2
MP17,1,UTH,12,4,3&2,2,2,2.5,5.25,7.75,10,21,31,2,2
MP17,1,UTH,13,5,3&3,3,3,2.4,4,6.4,12,20,32,2,2
MP17,1,UTH,14,9,2*1&2*1,2,2,4.56,6.44,11,41,58,99,1,0
MP18,2,UTH,1,1,2&1,0,0,0,2,2,0,2,2,24,23
MP18,2,UTH,2,2,2&1,1,1,1,3,4,2,6,8,14,13
MP18,2,UTH,3,3,1*1&1*1 (1),0,0,1.67,2.33,4,5,7,12,8,7
MP18,2,UTH,4,4,1*1&1*1 (1),1,1,1.5,3.25,4.75,6,13,19,9,8
MP18,2,UTH,5,3,3&2,1,1 (tens carrying),2,3.67,5.67,6,11,17,4,3
MP18,2,UTH,6,4,1*1&1*1 (2),0,0,2,3.5,5.5,8,14,22,5,4
MP18,2,UTH,7,3,2&2,1,1,2,3,5,6,12,18,7,6
MP18,2,UTH,8,3,3&2,1,1 (units carrying),2,4.33,6.33,6,13,19,6,5
MP18,2,UTH,9,3,3&2,1,1 (units carrying),2,4.33,6.33,6,13,19,6,5
MP18,2,UTH,10,3,2&2,2,2,1.67,5,6.67,8,15,23,7,6
MP18,2,UTH,11,3,2*1,1,1,2.67,5,7.67,8,15,23,6,5
MP18,2,UTH,12,4,3&2,2,2,2.5,5.25,7.75,10,21,31,4,3
MP18,2,UTH,13,5,3&3,3,3,2.4,4,6.4,12,20,32,3,3
MP18,2,UTH,14,9,2*1&2*1,2,2,4.56,6.44,11,41,58,99,1,0
MP19,1,UTH,1,1,2&1,0,0,0,2,2,0,2,2,14,14
MP19,1,UTH,2,2,2&1,1,1,1,3,4,2,6,8,11,9
MP19,1,UTH,3,3,1*1&1*1 (1),0,0,1.67,2.33,4,5,7,12,7,7
MP19,1,UTH,4,4,1*1&1*1 (1),1,1,1.5,3.25,4.75,6,13,19,6,4
MP19,1,UTH,5,3,3&2,1,1 (tens carrying),2,3.67,5.67,6,11,17,5,4
MP19,1,UTH,6,4,1*1&1*1 (2),0,0,2,3.5,5.5,8,14,22,7,7
MP19,1,UTH,7,3,2&2,1,1,2,3,5,6,12,18,5,4
MP19,1,UTH,8,3,3&2,1,1 (units carrying),2,4.33,6.33,6,13,19,3,3
MP19,1,UTH,9,3,3&2,1,1 (units carrying),2,4.33,6.33,6,13,19,4,3
MP19,1,UTH,10,3,2&2,2,2,1.67,5,6.67,8,15,23,6,5
MP19,1,UTH,11,3,2*1,1,1,2.67,5,7.67,8,15,23,7,5
MP19,1,UTH,12,4,3&2,2,2,2.5,5.25,7.75,10,21,31,3,1
MP19,1,UTH,13,5,3&3,3,3,2.4,4,6.4,12,20,32,2,1
MP19,1,UTH,14,9,2*1&2*1,2,2,4.56,6.44,11,41,58,99,1,1
MP2,2,UTH,1,1,2&1,0,0,0,2,2,0,2,2,20,20
MP2,2,UTH,2,2,2&1,1,1,1,3,4,2,6,8,7,7
MP2,2,UTH,3,3,1*1&1*1 (1),0,0,1.67,2.33,4,5,7,12,7,7
MP2,2,UTH,4,4,1*1&1*1 (1),1,1,1.5,3.25,4.75,6,13,19,5,4
MP2,2,UTH,5,3,3&2,1,1 (tens carrying),2,3.67,5.67,6,11,17,4,4
MP2,2,UTH,6,4,1*1&1*1 (2),0,0,2,3.5,5.5,8,14,22,6,4
MP2,2,UTH,7,3,2&2,1,1,2,3,5,6,12,18,5,5
MP2,2,UTH,8,3,3&2,1,1 (units carrying),2,4.33,6.33,6,13,19,3,3
MP2,2,UTH,9,3,3&2,1,1 (units carrying),2,4.33,6.33,6,13,19,4,4
MP2,2,UTH,10,3,2&2,2,2,1.67,5,6.67,8,15,23,6,6
MP2,2,UTH,11,3,2*1,1,1,2.67,5,7.67,8,15,23,6,6
MP2,2,UTH,12,4,3&2,2,2,2.5,5.25,7.75,10,21,31,3,3
MP2,2,UTH,13,5,3&3,3,3,2.4,4,6.4,12,20,32,4,4
MP2,2,UTH,14,9,2*1&2*1,2,2,4.56,6.44,11,41,58,99,2,1
MP20,2,UTH,1,1,2&1,0,0,0,2,2,0,2,2,19,19
MP20,2,UTH,2,2,2&1,1,1,1,3,4,2,6,8,11,11
MP20,2,UTH,3,3,1*1&1*1 (1),0,0,1.67,2.33,4,5,7,12,7,7
MP20,2,UTH,4,4,1*1&1*1 (1),1,1,1.5,3.25,4.75,6,13,19,6,6
MP20,2,UTH,5,3,3&2,1,1 (tens carrying),2,3.67,5.67,6,11,17,4,4
MP20,2,UTH,6,4,1*1&1*1 (2),0,0,2,3.5,5.5,8,14,22,4,3
MP20,2,UTH,7,3,2&2,1,1,2,3,5,6,12,18,4,2
MP20,2,UTH,8,3,3&2,1,1 (units carrying),2,4.33,6.33,6,13,19,3,3
MP20,2,UTH,9,3,3&2,1,1 (units carrying),2,4.33,6.33,6,13,19,4,3
MP20,2,UTH,10,3,2&2,2,2,1.67,5,6.67,8,15,23,4,4
MP20,2,UTH,11,3,2*1,1,1,2.67,5,7.67,8,15,23,6,6
MP20,2,UTH,12,4,3&2,2,2,2.5,5.25,7.75,10,21,31,3,1
MP20,2,UTH,13,5,3&3,3,3,2.4,4,6.4,12,20,32,2,2
MP20,2,UTH,14,9,2*1&2*1,2,2,4.56,6.44,11,41,58,99,1,0
MP21,1,UTH,1,1,2&1,0,0,0,2,2,0,2,2,23,23
MP21,1,UTH,2,2,2&1,1,1,1,3,4,2,6,8,12,11
MP21,1,UTH,3,3,1*1&1*1 (1),0,0,1.67,2.33,4,5,7,12,1,1
MP21,1,UTH,4,4,1*1&1*1 (1),1,1,1.5,3.25,4.75,6,13,19,2,1
MP21,1,UTH,5,3,3&2,1,1 (tens carrying),2,3.67,5.67,6,11,17,1,1
MP21,1,UTH,6,4,1*1&1*1 (2),0,0,2,3.5,5.5,8,14,22,2,2
MP21,1,UTH,7,3,2&2,1,1,2,3,5,6,12,18,2,2
MP21,1,UTH,8,3,3&2,1,1 (units carrying),2,4.33,6.33,6,13,19,2,1
MP21,1,UTH,9,3,3&2,1,1 (units carrying),2,4.33,6.33,6,13,19,2,1
MP21,1,UTH,10,3,2&2,2,2,1.67,5,6.67,8,15,23,2,2
MP21,1,UTH,11,3,2*1,1,1,2.67,5,7.67,8,15,23,0,0
MP21,1,UTH,12,4,3&2,2,2,2.5,5.25,7.75,10,21,31,2,2
MP21,1,UTH,13,5,3&3,3,3,2.4,4,6.4,12,20,32,1,0
MP21,1,UTH,14,9,2*1&2*1,2,2,4.56,6.44,11,41,58,99,0,0
MP22,2,UTH,1,1,2&1,0,0,0,2,2,0,2,2,18,17
MP22,2,UTH,2,2,2&1,1,1,1,3,4,2,6,8,10,10
MP22,2,UTH,3,3,1*1&1*1 (1),0,0,1.67,2.33,4,5,7,12,7,7
MP22,2,UTH,4,4,1*1&1*1 (1),1,1,1.5,3.25,4.75,6,13,19,5,5
MP22,2,UTH,5,3,3&2,1,1 (tens carrying),2,3.67,5.67,6,11,17,2,1
MP22,2,UTH,6,4,1*1&1*1 (2),0,0,2,3.5,5.5,8,14,22,3,3
MP22,2,UTH,7,3,2&2,1,1,2,3,5,6,12,18,4,4
MP22,2,UTH,8,3,3&2,1,1 (units carrying),2,4.33,6.33,6,13,19,4,4
MP22,2,UTH,9,3,3&2,1,1 (units carrying),2,4.33,6.33,6,13,19,2,0
MP22,2,UTH,10,3,2&2,2,2,1.67,5,6.67,8,15,23,5,4
MP22,2,UTH,11,3,2*1,1,1,2.67,5,7.67,8,15,23,5,5
MP22,2,UTH,12,4,3&2,2,2,2.5,5.25,7.75,10,21,31,3,3
MP22,2,UTH,13,5,3&3,3,3,2.4,4,6.4,12,20,32,2,2
MP22,2,UTH,14,9,2*1&2*1,2,2,4.56,6.44,11,41,58,99,1,0
MP23,1,UTH,1,1,2&1,0,0,0,2,2,0,2,2,20,20
MP23,1,UTH,2,2,2&1,1,1,1,3,4,2,6,8,13,13
MP23,1,UTH,3,3,1*1&1*1 (1),0,0,1.67,2.33,4,5,7,12,7,5
MP23,1,UTH,4,4,1*1&1*1 (1),1,1,1.5,3.25,4.75,6,13,19,5,5
MP23,1,UTH,5,3,3&2,1,1 (tens carrying),2,3.67,5.67,6,11,17,4,4
MP23,1,UTH,6,4,1*1&1*1 (2),0,0,2,3.5,5.5,8,14,22,6,5
MP23,1,UTH,7,3,2&2,1,1,2,3,5,6,12,18,5,5
MP23,1,UTH,8,3,3&2,1,1 (units carrying),2,4.33,6.33,6,13,19,6,5
MP23,1,UTH,9,3,3&2,1,1 (units carrying),2,4.33,6.33,6,13,19,5,5
MP23,1,UTH,10,3,2&2,2,2,1.67,5,6.67,8,15,23,5,5
MP23,1,UTH,11,3,2*1,1,1,2.67,5,7.67,8,15,23,6,6
MP23,1,UTH,12,4,3&2,2,2,2.5,5.25,7.75,10,21,31,4,3
MP23,1,UTH,13,5,3&3,3,3,2.4,4,6.4,12,20,32,2,1
MP23,1,UTH,14,9,2*1&2*1,2,2,4.56,6.44,11,41,58,99,1,1
MP24,2,UTH,1,1,2&1,0,0,0,2,2,0,2,2,19,19
MP24,2,UTH,2,2,2&1,1,1,1,3,4,2,6,8,11,11
MP24,2,UTH,3,3,1*1&1*1 (1),0,0,1.67,2.33,4,5,7,12,8,8
MP24,2,UTH,4,4,1*1&1*1 (1),1,1,1.5,3.25,4.75,6,13,19,5,3
MP24,2,UTH,5,3,3&2,1,1 (tens carrying),2,3.67,5.67,6,11,17,3,3
MP24,2,UTH,6,4,1*1&1*1 (2),0,0,2,3.5,5.5,8,14,22,5,4
MP24,2,UTH,7,3,2&2,1,1,2,3,5,6,12,18,7,7
MP24,2,UTH,8,3,3&2,1,1 (units carrying),2,4.33,6.33,6,13,19,7,7
MP24,2,UTH,9,3,3&2,1,1 (units carrying),2,4.33,6.33,6,13,19,5,5
MP24,2,UTH,10,3,2&2,2,2,1.67,5,6.67,8,15,23,6,6
MP24,2,UTH,11,3,2*1,1,1,2.67,5,7.67,8,15,23,5,5
MP24,2,UTH,12,4,3&2,2,2,2.5,5.25,7.75,10,21,31,2,1
MP24,2,UTH,13,5,3&3,3,3,2.4,4,6.4,12,20,32,3,3
MP24,2,UTH,14,9,2*1&2*1,2,2,4.56,6.44,11,41,58,99,1,0
MP25,1,UTH,1,1,2&1,0,0,0,2,2,0,2,2,18,18
MP25,1,UTH,2,2,2&1,1,1,1,3,4,2,6,8,11,9
MP25,1,UTH,3,3,1*1&1*1 (1),0,0,1.67,2.33,4,5,7,12,4,4
MP25,1,UTH,4,4,1*1&1*1 (1),1,1,1.5,3.25,4.75,6,13,19,6,6
MP25,1,UTH,5,3,3&2,1,1 (tens carrying),2,3.67,5.67,6,11,17,1,1
MP25,1,UTH,6,4,1*1&1*1 (2),0,0,2,3.5,5.5,8,14,22,4,4
MP25,1,UTH,7,3,2&2,1,1,2,3,5,6,12,18,2,2
MP25,1,UTH,8,3,3&2,1,1 (units carrying),2,4.33,6.33,6,13,19,2,2
MP25,1,UTH,9,3,3&2,1,1 (units carrying),2,4.33,6.33,6,13,19,2,1
MP25,1,UTH,10,3,2&2,2,2,1.67,5,6.67,8,15,23,3,3
MP25,1,UTH,11,3,2*1,1,1,2.67,5,7.67,8,15,23,3,3
MP25,1,UTH,12,4,3&2,2,2,2.5,5.25,7.75,10,21,31,1,1
MP25,1,UTH,13,5,3&3,3,3,2.4,4,6.4,12,20,32,1,0
MP25,1,UTH,14,9,2*1&2*1,2,2,4.56,6.44,11,41,58,99,0,0
MP26,1,UTH,1,1,2&1,0,0,0,2,2,0,2,2,9,9
MP26,1,UTH,2,2,2&1,1,1,1,3,4,2,6,8,4,3
MP26,1,UTH,3,3,1*1&1*1 (1),0,0,1.67,2.33,4,5,7,12,4,4
MP26,1,UTH,4,4,1*1&1*1 (1),1,1,1.5,3.25,4.75,6,13,19,4,3
MP26,1,UTH,5,3,3&2,1,1 (tens carrying),2,3.67,5.67,6,11,17,3,3
MP26,1,UTH,6,4,1*1&1*1 (2),0,0,2,3.5,5.5,8,14,22,4,4
MP26,1,UTH,7,3,2&2,1,1,2,3,5,6,12,18,3,3
MP26,1,UTH,8,3,3&2,1,1 (units carrying),2,4.33,6.33,6,13,19,2,1
MP26,1,UTH,9,3,3&2,1,1 (units carrying),2,4.33,6.33,6,13,19,2,2
MP26,1,UTH,10,3,2&2,2,2,1.67,5,6.67,8,15,23,2,1
MP26,1,UTH,11,3,2*1,1,1,2.67,5,7.67,8,15,23,2,1
MP26,1,UTH,12,4,3&2,2,2,2.5,5.25,7.75,10,21,31,1,1
MP26,1,UTH,13,5,3&3,3,3,2.4,4,6.4,12,20,32,2,1
MP26,1,UTH,14,9,2*1&2*1,2,2,4.56,6.44,11,41,58,99,1,0
MP3,1,UTH,1,1,2&1,0,0,0,2,2,0,2,2,22,22
MP3,1,UTH,2,2,2&1,1,1,1,3,4,2,6,8,10,10
MP3,1,UTH,3,3,1*1&1*1 (1),0,0,1.67,2.33,4,5,7,12,8,7
MP3,1,UTH,4,4,1*1&1*1 (1),1,1,1.5,3.25,4.75,6,13,19,8,7
MP3,1,UTH,5,3,3&2,1,1 (tens carrying),2,3.67,5.67,6,11,17,4,3
MP3,1,UTH,6,4,1*1&1*1 (2),0,0,2,3.5,5.5,8,14,22,7,6
MP3,1,UTH,7,3,2&2,1,1,2,3,5,6,12,18,3,3
MP3,1,UTH,8,3,3&2,1,1 (units carrying),2,4.33,6.33,6,13,19,4,3
MP3,1,UTH,9,3,3&2,1,1 (units carrying),2,4.33,6.33,6,13,19,3,3
MP3,1,UTH,10,3,2&2,2,2,1.67,5,6.67,8,15,23,5,5
MP3,1,UTH,11,3,2*1,1,1,2.67,5,7.67,8,15,23,7,7
MP3,1,UTH,12,4,3&2,2,2,2.5,5.25,7.75,10,21,31,3,2
MP3,1,UTH,13,5,3&3,3,3,2.4,4,6.4,12,20,32,2,2
MP3,1,UTH,14,9,2*1&2*1,2,2,4.56,6.44,11,41,58,99,1,1
MP4,2,UTH,1,1,2&1,0,0,0,2,2,0,2,2,25,25
MP4,2,UTH,2,2,2&1,1,1,1,3,4,2,6,8,15,15
MP4,2,UTH,3,3,1*1&1*1 (1),0,0,1.67,2.33,4,5,7,12,10,10
MP4,2,UTH,4,4,1*1&1*1 (1),1,1,1.5,3.25,4.75,6,13,19,10,10
MP4,2,UTH,5,3,3&2,1,1 (tens carrying),2,3.67,5.67,6,11,17,4,4
MP4,2,UTH,6,4,1*1&1*1 (2),0,0,2,3.5,5.5,8,14,22,7,5
MP4,2,UTH,7,3,2&2,1,1,2,3,5,6,12,18,8,8
MP4,2,UTH,8,3,3&2,1,1 (units carrying),2,4.33,6.33,6,13,19,6,6
MP4,2,UTH,9,3,3&2,1,1 (units carrying),2,4.33,6.33,6,13,19,7,7
MP4,2,UTH,10,3,2&2,2,2,1.67,5,6.67,8,15,23,8,7
MP4,2,UTH,11,3,2*1,1,1,2.67,5,7.67,8,15,23,6,4
MP4,2,UTH,12,4,3&2,2,2,2.5,5.25,7.75,10,21,31,4,2
MP4,2,UTH,13,5,3&3,3,3,2.4,4,6.4,12,20,32,3,1
MP4,2,UTH,14,9,2*1&2*1,2,2,4.56,6.44,11,41,58,99,2,0
MP5,1,UTH,1,1,2&1,0,0,0,2,2,0,2,2,23,21
MP5,1,UTH,2,2,2&1,1,1,1,3,4,2,6,8,13,13
MP5,1,UTH,3,3,1*1&1*1 (1),0,0,1.67,2.33,4,5,7,12,11,11
MP5,1,UTH,4,4,1*1&1*1 (1),1,1,1.5,3.25,4.75,6,13,19,8,8
MP5,1,UTH,5,3,3&2,1,1 (tens carrying),2,3.67,5.67,6,11,17,5,5
MP5,1,UTH,6,4,1*1&1*1 (2),0,0,2,3.5,5.5,8,14,22,7,7
MP5,1,UTH,7,3,2&2,1,1,2,3,5,6,12,18,6,6
MP5,1,UTH,8,3,3&2,1,1 (units carrying),2,4.33,6.33,6,13,19,6,6
MP5,1,UTH,9,3,3&2,1,1 (units carrying),2,4.33,6.33,6,13,19,4,4
MP5,1,UTH,10,3,2&2,2,2,1.67,5,6.67,8,15,23,6,6
MP5,1,UTH,11,3,2*1,1,1,2.67,5,7.67,8,15,23,3,3
MP5,1,UTH,12,4,3&2,2,2,2.5,5.25,7.75,10,21,31,3,3
MP5,1,UTH,13,5,3&3,3,3,2.4,4,6.4,12,20,32,3,2
MP5,1,UTH,14,9,2*1&2*1,2,2,4.56,6.44,11,41,58,99,1,1
MP6,2,UTH,1,1,2&1,0,0,0,2,2,0,2,2,11,10
MP6,2,UTH,2,2,2&1,1,1,1,3,4,2,6,8,4,4
MP6,2,UTH,3,3,1*1&1*1 (1),0,0,1.67,2.33,4,5,7,12,4,4
MP6,2,UTH,4,4,1*1&1*1 (1),1,1,1.5,3.25,4.75,6,13,19,4,4
MP6,2,UTH,5,3,3&2,1,1 (tens carrying),2,3.67,5.67,6,11,17,3,3
MP6,2,UTH,6,4,1*1&1*1 (2),0,0,2,3.5,5.5,8,14,22,2,2
MP6,2,UTH,7,3,2&2,1,1,2,3,5,6,12,18,4,4
MP6,2,UTH,8,3,3&2,1,1 (units carrying),2,4.33,6.33,6,13,19,4,3
MP6,2,UTH,9,3,3&2,1,1 (units carrying),2,4.33,6.33,6,13,19,4,3
MP6,2,UTH,10,3,2&2,2,2,1.67,5,6.67,8,15,23,5,5
MP6,2,UTH,11,3,2*1,1,1,2.67,5,7.67,8,15,23,4,4
MP6,2,UTH,12,4,3&2,2,2,2.5,5.25,7.75,10,21,31,2,1
MP6,2,UTH,13,5,3&3,3,3,2.4,4,6.4,12,20,32,2,2
MP6,2,UTH,14,9,2*1&2*1,2,2,4.56,6.44,11,41,58,99,0,0
MP7,1,UTH,1,1,2&1,0,0,0,2,2,0,2,2,20,20
MP7,1,UTH,2,2,2&1,1,1,1,3,4,2,6,8,10,8
MP7,1,UTH,3,3,1*1&1*1 (1),0,0,1.67,2.33,4,5,7,12,6,2
MP7,1,UTH,4,4,1*1&1*1 (1),1,1,1.5,3.25,4.75,6,13,19,7,5
MP7,1,UTH,5,3,3&2,1,1 (tens carrying),2,3.67,5.67,6,11,17,5,4
MP7,1,UTH,6,4,1*1&1*1 (2),0,0,2,3.5,5.5,8,14,22,7,5
MP7,1,UTH,7,3,2&2,1,1,2,3,5,6,12,18,4,3
MP7,1,UTH,8,3,3&2,1,1 (units carrying),2,4.33,6.33,6,13,19,5,5
MP7,1,UTH,9,3,3&2,1,1 (units carrying),2,4.33,6.33,6,13,19,3,3
MP7,1,UTH,10,3,2&2,2,2,1.67,5,6.67,8,15,23,4,4
MP7,1,UTH,11,3,2*1,1,1,2.67,5,7.67,8,15,23,3,2
MP7,1,UTH,12,4,3&2,2,2,2.5,5.25,7.75,10,21,31,2,1
MP7,1,UTH,13,5,3&3,3,3,2.4,4,6.4,12,20,32,2,1
MP7,1,UTH,14,9,2*1&2*1,2,2,4.56,6.44,11,41,58,99,1,0
MP8,2,UTH,1,1,2&1,0,0,0,2,2,0,2,2,17,14
MP8,2,UTH,2,2,2&1,1,1,1,3,4,2,6,8,13,13
MP8,2,UTH,3,3,1*1&1*1 (1),0,0,1.67,2.33,4,5,7,12,13,10
MP8,2,UTH,4,4,1*1&1*1 (1),1,1,1.5,3.25,4.75,6,13,19,6,4
MP8,2,UTH,5,3,3&2,1,1 (tens carrying),2,3.67,5.67,6,11,17,3,3
MP8,2,UTH,6,4,1*1&1*1 (2),0,0,2,3.5,5.5,8,14,22,4,3
MP8,2,UTH,7,3,2&2,1,1,2,3,5,6,12,18,6,6
MP8,2,UTH,8,3,3&2,1,1 (units carrying),2,4.33,6.33,6,13,19,4,2
MP8,2,UTH,9,3,3&2,1,1 (units carrying),2,4.33,6.33,6,13,19,4,2
MP8,2,UTH,10,3,2&2,2,2,1.67,5,6.67,8,15,23,3,3
MP8,2,UTH,11,3,2*1,1,1,2.67,5,7.67,8,15,23,3,2
MP8,2,UTH,12,4,3&2,2,2,2.5,5.25,7.75,10,21,31,2,1
MP8,2,UTH,13,5,3&3,3,3,2.4,4,6.4,12,20,32,1,1
MP8,2,UTH,14,9,2*1&2*1,2,2,4.56,6.44,11,41,58,99,1,0
MP9,1,UTH,1,1,2&1,0,0,0,2,2,0,2,2,13,12
MP9,1,UTH,2,2,2&1,1,1,1,3,4,2,6,8,10,10
MP9,1,UTH,3,3,1*1&1*1 (1),0,0,1.67,2.33,4,5,7,12,5,4
MP9,1,UTH,4,4,1*1&1*1 (1),1,1,1.5,3.25,4.75,6,13,19,5,4
MP9,1,UTH,5,3,3&2,1,1 (tens carrying),2,3.67,5.67,6,11,17,3,2
MP9,1,UTH,6,4,1*1&1*1 (2),0,0,2,3.5,5.5,8,14,22,4,4
MP9,1,UTH,7,3,2&2,1,1,2,3,5,6,12,18,3,2
MP9,1,UTH,8,3,3&2,1,1 (units carrying),2,4.33,6.33,6,13,19,4,2
MP9,1,UTH,9,3,3&2,1,1 (units carrying),2,4.33,6.33,6,13,19,1,0
MP9,1,UTH,10,3,2&2,2,2,1.67,5,6.67,8,15,23,4,4
MP9,1,UTH,11,3,2*1,1,1,2.67,5,7.67,8,15,23,3,3
MP9,1,UTH,12,4,3&2,2,2,2.5,5.25,7.75,10,21,31,2,1
MP9,1,UTH,13,5,3&3,3,3,2.4,4,6.4,12,20,32,2,0
MP9,1,UTH,14,9,2*1&2*1,2,2,4.56,6.44,11,41,58,99,1,1
